region,emit_id
North America,EMIT_L1B_RAD_001_20231020T193009_2329313_030
North America,EMIT_L1B_RAD_001_20230627T170923_2317811_027
North America,EMIT_L1B_RAD_001_20230831T152945_2324310_020
North America,EMIT_L1B_RAD_001_20230828T161803_2324011_008
North America,EMIT_L1B_RAD_001_20230821T183924_2323312_003
North America,EMIT_L1B_RAD_001_20230818T192652_2323013_009
North America,EMIT_L1B_RAD_001_20231205T183313_2333912_003
North America,EMIT_L1B_RAD_001_20230425T173625_2311512_021
North America,EMIT_L1B_RAD_001_20230627T170911_2317811_026
North America,EMIT_L1B_RAD_001_20230806T174134_2321812_014
North America,EMIT_L1B_RAD_001_20230803T183132_2321512_024
North America,EMIT_L1B_RAD_001_20230623T184918_2317412_035
North America,EMIT_L1B_RAD_001_20230627T170836_2317811_023
North America,EMIT_L1B_RAD_001_20231008T175049_2328112_015
North America,EMIT_L1B_RAD_001_20230806T174146_2321812_015
North America,EMIT_L1B_RAD_001_20231021T184039_2329412_020
North America,EMIT_L1B_RAD_001_20230821T183936_2323312_004
North America,EMIT_L1B_RAD_001_20231006T174948_2327912_022
North America,EMIT_L1B_RAD_001_20231017T201715_2329013_025
North America,EMIT_L1B_RAD_001_20230217T203420_2304813_031
North America,EMIT_L1B_RAD_001_20230217T203309_2304813_025
North America,EMIT_L1B_RAD_001_20230814T223528_2322615_006
North America,EMIT_L1B_RAD_001_20231217T201414_2335113_006
North America,EMIT_L1B_RAD_001_20230627T170859_2317811_025
North America,EMIT_L1B_RAD_001_20230403T190532_2309313_019
North America,EMIT_L1B_RAD_001_20230929T201146_2327213_014
North America,EMIT_L1B_RAD_001_20230404T181606_2309412_013
North America,EMIT_L1B_RAD_001_20230402T195215_2309213_012
North America,EMIT_L1B_RAD_001_20231007T170016_2328011_018
North America,EMIT_L1B_RAD_001_20231007T170027_2328011_019
North America,EMIT_L1B_RAD_001_20230424T182510_2311412_025
North America,EMIT_L1B_RAD_001_20230330T190647_2308913_007
North America,EMIT_L1B_RAD_001_20230428T164542_2311811_010
North America,EMIT_L1B_RAD_001_20230327T212618_2308614_014
North America,EMIT_L1B_RAD_001_20230929T201134_2327213_013
North America,EMIT_L1B_RAD_001_20230818T210119_2323014_007
North America,EMIT_L1B_RAD_001_20230809T165239_2322111_017
North America,EMIT_L1B_RAD_001_20230403T190433_2309313_014
North America,EMIT_L1B_RAD_001_20230609T171300_2316011_018
North America,EMIT_L1B_RAD_001_20231021T183953_2329412_018
North America,EMIT_L1B_RAD_001_20230608T162247_2315911_011
North America,EMIT_L1B_RAD_001_20230421T191324_2311113_017
North America,EMIT_L1B_RAD_001_20230221T190217_2305212_033
North America,EMIT_L1B_RAD_001_20230831T152910_2324310_017
North America,EMIT_L1B_RAD_001_20230416T213910_2310614_023
North America,EMIT_L1B_RAD_001_20230421T191312_2311113_016
North America,EMIT_L1B_RAD_001_20230825T170404_2323711_003
North America,EMIT_L1B_RAD_001_20230420T200303_2311013_027
North America,EMIT_L1B_RAD_001_20230604T180141_2315512_013
North America,EMIT_L1B_RAD_001_20230820T192621_2323213_015
North America,EMIT_L1B_RAD_001_20230820T192756_2323213_023
North America,EMIT_L1B_RAD_001_20231025T170541_2329811_012
North America,EMIT_L1B_RAD_001_20230214T212136_2304514_016
North America,EMIT_L1B_RAD_001_20231007T170127_2328011_024
North America,EMIT_L1B_RAD_001_20230607T171317_2315811_019
North America,EMIT_L1B_RAD_001_20230808T160359_2322011_009
North America,EMIT_L1B_RAD_001_20230624T175732_2317512_014
North America,EMIT_L1B_RAD_001_20230803T183143_2321512_025
North America,EMIT_L1B_RAD_001_20231009T152243_2328210_009
North America,EMIT_L1B_RAD_001_20231017T201703_2329013_024
North America,EMIT_L1B_RAD_001_20230420T200240_2311013_025
North America,EMIT_L1B_RAD_001_20230726T231751_2320715_002
North America,EMIT_L1B_RAD_001_20230831T152811_2324310_012
North America,EMIT_L1B_RAD_001_20230205T171506_2303612_018
North America,EMIT_L1B_RAD_001_20230407T173123_2309712_025
North America,EMIT_L1B_RAD_001_20231015T201616_2328813_006
North America,EMIT_L1B_RAD_001_20230205T171232_2303612_005
North America,EMIT_L1B_RAD_001_20230927T214555_2327014_004
North America,EMIT_L1B_RAD_001_20230726T214505_2320714_026
North America,EMIT_L1B_RAD_001_20231224T174633_2335812_011
North America,EMIT_L1B_RAD_001_20230731T205256_2321214_002
North America,EMIT_L1B_RAD_001_20230803T200436_2321513_002
North America,EMIT_L1B_RAD_001_20230428T164455_2311811_006
North America,EMIT_L1B_RAD_001_20230601T202647_2315214_005
North America,EMIT_L1B_RAD_001_20231224T174510_2335812_004
North America,EMIT_L1B_RAD_001_20230423T173726_2311312_016
North America,EMIT_L1B_RAD_001_20230614T224815_2316515_004
North America,EMIT_L1B_RAD_001_20230330T190611_2308913_004
North America,EMIT_L1B_RAD_001_20230327T212705_2308614_018
North America,EMIT_L1B_RAD_001_20230621T184644_2317212_003
North America,EMIT_L1B_RAD_001_20230626T162047_2317711_012
North America,EMIT_L1B_RAD_001_20230405T172830_2309512_010
North America,EMIT_L1B_RAD_001_20230627T170959_2317811_030
North America,EMIT_L1B_RAD_001_20231223T165954_2335711_009
North America,EMIT_L1B_RAD_001_20230214T212311_2304514_024
North America,EMIT_L1B_RAD_001_20230420T200315_2311013_028
North America,EMIT_L1B_RAD_001_20230403T190620_2309313_023
North America,EMIT_L1B_RAD_001_20230818T210055_2323014_005
North America,EMIT_L1B_RAD_001_20230609T153340_2316010_004
North America,EMIT_L1B_RAD_001_20231004T174708_2327712_014
North America,EMIT_L1B_RAD_001_20230529T211748_2314914_014
North America,EMIT_L1B_RAD_001_20230815T201219_2322713_001
North America,EMIT_L1B_RAD_001_20230416T214021_2310614_029
North America,EMIT_L1B_RAD_001_20230423T190934_2311313_002
North America,EMIT_L1B_RAD_001_20230730T200833_2321113_025
North America,EMIT_L1B_RAD_001_20231008T161051_2328111_013
North America,EMIT_L1B_RAD_001_20230620T193346_2317113_008
North America,EMIT_L1B_RAD_001_20230416T213858_2310614_022
North America,EMIT_L1B_RAD_001_20231025T170453_2329811_008
North America,EMIT_L1B_RAD_001_20230226T163510_2305711_006
North America,EMIT_L1B_RAD_001_20230803T200500_2321513_004
North America,EMIT_L1B_RAD_001_20230810T160438_2322211_006
North America,EMIT_L1B_RAD_001_20231223T165942_2335711_008
North America,EMIT_L1B_RAD_001_20231028T161813_2330111_005
North America,EMIT_L1B_RAD_001_20230226T163458_2305711_005
North America,EMIT_L1B_RAD_001_20230623T184720_2317412_025
North America,EMIT_L1B_RAD_001_20230822T175153_2323412_010
North America,EMIT_L1B_RAD_001_20230726T231815_2320715_004
North America,EMIT_L1B_RAD_001_20230428T164530_2311811_009
North America,EMIT_L1B_RAD_001_20230817T183649_2322912_002
North America,EMIT_L1B_RAD_001_20230729T205653_2321014_021
North America,EMIT_L1B_RAD_001_20230731T205308_2321214_003
North America,EMIT_L1B_RAD_001_20230329T212841_2308814_021
North America,EMIT_L1B_RAD_001_20230925T214910_2326814_019
North America,EMIT_L1B_RAD_001_20230822T175217_2323412_012
North America,EMIT_L1B_RAD_001_20230416T213921_2310614_024
North America,EMIT_L1B_RAD_001_20230203T185048_2303413_014
North America,EMIT_L1B_RAD_001_20230728T200919_2320913_007
North America,EMIT_L1B_RAD_001_20230204T162714_2303511_001
North America,EMIT_L1B_RAD_001_20230406T181930_2309612_023
North America,EMIT_L1B_RAD_001_20230831T152834_2324310_014
North America,EMIT_L1B_RAD_001_20231017T201651_2329013_023
North America,EMIT_L1B_RAD_001_20231008T174613_2328112_003
North America,EMIT_L1B_RAD_001_20230217T203356_2304813_029
North America,EMIT_L1B_RAD_001_20231005T183427_2327812_005
North America,EMIT_L1B_RAD_001_20230603T202601_2315414_002
North America,EMIT_L1B_RAD_001_20231020T193021_2329313_031
North America,EMIT_L1B_RAD_001_20230728T214512_2320914_020
North America,EMIT_L1B_RAD_001_20230429T155758_2311910_005
North America,EMIT_L1B_RAD_001_20230228T163954_2305911_022
North America,EMIT_L1B_RAD_001_20231003T183604_2327612_017
North America,EMIT_L1B_RAD_001_20231017T201604_2329013_019
North America,EMIT_L1B_RAD_001_20231025T170442_2329811_007
North America,EMIT_L1B_RAD_001_20230324T221318_2308315_009
North America,EMIT_L1B_RAD_001_20230428T164612_2311811_011
North America,EMIT_L1B_RAD_001_20230807T182744_2321912_006
North America,EMIT_L1B_RAD_001_20230622T193201_2317313_003
North America,EMIT_L1B_RAD_001_20230407T172937_2309712_016
North America,EMIT_L1B_RAD_001_20230407T172949_2309712_017
North America,EMIT_L1B_RAD_001_20231124T205900_2332814_004
North America,EMIT_L1B_RAD_001_20231007T170150_2328011_026
North America,EMIT_L1B_RAD_001_20231007T183441_2328012_002
North America,EMIT_L1B_RAD_001_20231007T183453_2328012_003
North America,EMIT_L1B_RAD_001_20230624T175808_2317512_017
North America,EMIT_L1B_RAD_001_20230420T200216_2311013_023
North America,EMIT_L1B_RAD_001_20230224T163423_2305511_008
North America,EMIT_L1B_RAD_001_20231025T170529_2329811_011
North America,EMIT_L1B_RAD_001_20230627T170935_2317811_028
North America,EMIT_L1B_RAD_001_20230827T170451_2323911_012
North America,EMIT_L1B_RAD_001_20231217T201426_2335113_007
North America,EMIT_L1B_RAD_001_20230608T180256_2315912_016
North America,EMIT_L1B_RAD_001_20230827T170502_2323911_013
North America,EMIT_L1B_RAD_001_20230421T191400_2311113_020
North America,EMIT_L1B_RAD_001_20230730T200647_2321113_016
North America,EMIT_L1B_RAD_001_20230603T202613_2315414_003
North America,EMIT_L1B_RAD_001_20231020T192759_2329313_019
North America,EMIT_L1B_RAD_001_20230416T213945_2310614_026
North America,EMIT_L1B_RAD_001_20231020T192858_2329313_024
North America,EMIT_L1B_RAD_001_20231020T192747_2329313_018
North America,EMIT_L1B_RAD_001_20230628T161924_2317911_012
North America,EMIT_L1B_RAD_001_20231006T174849_2327912_017
North America,EMIT_L1B_RAD_001_20230427T173146_2311711_003
North America,EMIT_L1B_RAD_001_20230228T164006_2305911_023
North America,EMIT_L1B_RAD_001_20230730T200659_2321113_017
North America,EMIT_L1B_RAD_001_20230805T182738_2321712_003
North America,EMIT_L1B_RAD_001_20230201T185156_2303213_026
North America,EMIT_L1B_RAD_001_20230804T174054_2321612_012
North America,EMIT_L1B_RAD_001_20230623T184906_2317412_034
North America,EMIT_L1B_RAD_001_20230205T171220_2303612_004
North America,EMIT_L1B_RAD_001_20231023T183754_2329612_003
North America,EMIT_L1B_RAD_001_20230607T171306_2315811_018
North America,EMIT_L1B_RAD_001_20231023T183806_2329612_004
North America,EMIT_L1B_RAD_001_20230623T184743_2317412_027
North America,EMIT_L1B_RAD_001_20230404T181921_2309412_025
North America,EMIT_L1B_RAD_001_20230331T195024_2309013_012
North America,EMIT_L1B_RAD_001_20230406T181720_2309612_012
North America,EMIT_L1B_RAD_001_20230807T182755_2321912_007
North America,EMIT_L1B_RAD_001_20230626T162035_2317711_011
North America,EMIT_L1B_RAD_001_20230218T194413_2304913_022
North America,EMIT_L1B_RAD_001_20230814T223517_2322615_005
North America,EMIT_L1B_RAD_001_20231020T192659_2329313_014
North America,EMIT_L1B_RAD_001_20230204T180052_2303512_005
North America,EMIT_L1B_RAD_001_20231017T201640_2329013_022
North America,EMIT_L1B_RAD_001_20230626T162023_2317711_010
North America,EMIT_L1B_RAD_001_20231020T192735_2329313_017
North America,EMIT_L1B_RAD_001_20230628T161948_2317911_014
North America,EMIT_L1B_RAD_001_20231019T183851_2329212_008
North America,EMIT_L1B_RAD_001_20230527T225315_2314715_004
North America,EMIT_L1B_RAD_001_20230527T225327_2314715_005
North America,EMIT_L1B_RAD_001_20230604T193703_2315513_003
North America,EMIT_L1B_RAD_001_20230822T192555_2323413_005
North America,EMIT_L1B_RAD_001_20230131T194001_2303113_021
North America,EMIT_L1B_RAD_001_20230403T190632_2309313_024
North America,EMIT_L1B_RAD_001_20230805T165202_2321711_005
North America,EMIT_L1B_RAD_001_20231020T192648_2329313_013
North America,EMIT_L1B_RAD_001_20230224T181429_2305512_036
North America,EMIT_L1B_RAD_001_20230826T175013_2323812_004
North America,EMIT_L1B_RAD_001_20230730T200845_2321113_026
North America,EMIT_L1B_RAD_001_20230609T171312_2316011_019
North America,EMIT_L1B_RAD_001_20230804T191627_2321613_005
North America,EMIT_L1B_RAD_001_20231015T201640_2328813_008
North America,EMIT_L1B_RAD_001_20230415T222309_2310515_001
North America,EMIT_L1B_RAD_001_20230619T202513_2317013_025
North America,EMIT_L1B_RAD_001_20231007T170004_2328011_017
North America,EMIT_L1B_RAD_001_20230403T190421_2309313_013
North America,EMIT_L1B_RAD_001_20230826T175025_2323812_005
North America,EMIT_L1B_RAD_001_20230330T190736_2308913_010
North America,EMIT_L1B_RAD_001_20230530T185854_2315013_012
North America,EMIT_L1B_RAD_001_20230731T191735_2321213_010
North America,EMIT_L1B_RAD_001_20230803T183021_2321512_018
North America,EMIT_L1B_RAD_001_20231016T210653_2328914_030
North America,EMIT_L1B_RAD_001_20230820T192732_2323213_021
North America,EMIT_L1B_RAD_001_20230407T173147_2309712_027
North America,EMIT_L1B_RAD_001_20231205T165750_2333911_010
North America,EMIT_L1B_RAD_001_20230603T202549_2315414_001
North America,EMIT_L1B_RAD_001_20230626T175353_2317712_004
North America,EMIT_L1B_RAD_001_20230818T210019_2323014_002
North America,EMIT_L1B_RAD_001_20230601T185124_2315213_009
North America,EMIT_L1B_RAD_001_20230809T165227_2322111_016
North America,EMIT_L1B_RAD_001_20230831T152846_2324310_015
North America,EMIT_L1B_RAD_001_20230228T163942_2305911_021
North America,EMIT_L1B_RAD_001_20230420T200327_2311013_029
North America,EMIT_L1B_RAD_001_20231006T175000_2327912_023
North America,EMIT_L1B_RAD_001_20230129T193814_2302913_012
North America,EMIT_L1B_RAD_001_20230818T210130_2323014_008
North America,EMIT_L1B_RAD_001_20230601T185112_2315213_008
North America,EMIT_L1B_RAD_001_20230730T214155_2321114_004
North America,EMIT_L1B_RAD_001_20230622T193237_2317313_006
North America,EMIT_L1B_RAD_001_20230619T202525_2317013_026
North America,EMIT_L1B_RAD_001_20230818T210043_2323014_004
North America,EMIT_L1B_RAD_001_20230619T184634_2317012_002
North America,EMIT_L1B_RAD_001_20230818T210031_2323014_003
North America,EMIT_L1B_RAD_001_20230731T205320_2321214_004
North America,EMIT_L1B_RAD_001_20231003T183540_2327612_015
North America,EMIT_L1B_RAD_001_20230819T183752_2323112_002
North America,EMIT_L1B_RAD_001_20230218T194401_2304913_021
North America,EMIT_L1B_RAD_001_20230205T171553_2303612_022
North America,EMIT_L1B_RAD_001_20230217T203408_2304813_030
North America,EMIT_L1B_RAD_001_20231201T183502_2333512_012
North America,EMIT_L1B_RAD_001_20230214T212124_2304514_015
North America,EMIT_L1B_RAD_001_20231020T192810_2329313_020
North America,EMIT_L1B_RAD_001_20231223T170006_2335711_010
North America,EMIT_L1B_RAD_001_20230626T161747_2317711_002
North America,EMIT_L1B_RAD_001_20231010T161328_2328311_016
North America,EMIT_L1B_RAD_001_20231004T192230_2327713_004
North America,EMIT_L1B_RAD_001_20230423T173714_2311312_015
North America,EMIT_L1B_RAD_001_20231015T201628_2328813_007
North America,EMIT_L1B_RAD_001_20230421T191336_2311113_018
North America,EMIT_L1B_RAD_001_20231009T183701_2328212_007
North America,EMIT_L1B_RAD_001_20230423T173702_2311312_014
North America,EMIT_L1B_RAD_001_20231015T215047_2328814_005
North America,EMIT_L1B_RAD_001_20230216T194418_2304713_012
North America,EMIT_L1B_RAD_001_20230624T175744_2317512_015
North America,EMIT_L1B_RAD_001_20230808T173929_2322012_009
North America,EMIT_L1B_RAD_001_20231006T174738_2327912_011
North America,EMIT_L1B_RAD_001_20230628T161936_2317911_013
North America,EMIT_L1B_RAD_001_20230622T193300_2317313_008
North America,EMIT_L1B_RAD_001_20231020T192711_2329313_015
North America,EMIT_L1B_RAD_001_20231008T161040_2328111_012
North America,EMIT_L1B_RAD_001_20231003T201046_2327613_002
North America,EMIT_L1B_RAD_001_20230730T214119_2321114_001
North America,EMIT_L1B_RAD_001_20230805T182925_2321712_012
North America,EMIT_L1B_RAD_001_20230330T190559_2308913_003
North America,EMIT_L1B_RAD_001_20230415T222345_2310515_004
North America,EMIT_L1B_RAD_001_20231007T165952_2328011_016
North America,EMIT_L1B_RAD_001_20230626T162012_2317711_009
North America,EMIT_L1B_RAD_001_20230826T174937_2323812_001
North America,EMIT_L1B_RAD_001_20231007T165940_2328011_015
North America,EMIT_L1B_RAD_001_20230815T201231_2322713_002
North America,EMIT_L1B_RAD_001_20230402T195203_2309213_011
North America,EMIT_L1B_RAD_001_20230224T181441_2305512_037
North America,EMIT_L1B_RAD_001_20230416T213957_2310614_027
North America,EMIT_L1B_RAD_001_20231020T192723_2329313_016
North America,EMIT_L1B_RAD_001_20230827T170538_2323911_016
North America,EMIT_L1B_RAD_001_20230820T175417_2323212_006
North America,EMIT_L1B_RAD_001_20230203T171434_2303412_006
North America,EMIT_L1B_RAD_001_20230627T170947_2317811_029
North America,EMIT_L1B_RAD_001_20230603T185100_2315413_015
North America,EMIT_L1B_RAD_001_20230405T172818_2309512_009
North America,EMIT_L1B_RAD_001_20230827T170439_2323911_011
North America,EMIT_L1B_RAD_001_20231224T174458_2335812_003
North America,EMIT_L1B_RAD_001_20230622T175557_2317312_002
North America,EMIT_L1B_RAD_001_20230421T191348_2311113_019
North America,EMIT_L1B_RAD_001_20230405T172807_2309512_008
North America,EMIT_L1B_RAD_001_20231018T192519_2329113_008
North America,EMIT_L1B_RAD_001_20231201T183450_2333512_011
North America,EMIT_L1B_RAD_001_20230607T184738_2315812_003
North America,EMIT_L1B_RAD_001_20230403T190643_2309313_025
North America,EMIT_L1B_RAD_001_20230808T160654_2322011_012
North America,EMIT_L1B_RAD_001_20230203T185100_2303413_015
North America,EMIT_L1B_RAD_001_20230619T202700_2317013_034
North America,EMIT_L1B_RAD_001_20230407T172925_2309712_015
North America,EMIT_L1B_RAD_001_20230325T212455_2308414_004
North America,EMIT_L1B_RAD_001_20230826T175037_2323812_006
North America,EMIT_L1B_RAD_001_20230822T192543_2323413_004
North America,EMIT_L1B_RAD_001_20230131T194013_2303113_022
North America,EMIT_L1B_RAD_001_20230826T175001_2323812_003
North America,EMIT_L1B_RAD_001_20230730T200710_2321113_018
North America,EMIT_L1B_RAD_001_20230924T223503_2326715_011
North America,EMIT_L1B_RAD_001_20230130T184912_2303013_005
North America,EMIT_L1B_RAD_001_20230831T152735_2324310_009
North America,EMIT_L1B_RAD_001_20231016T210430_2328914_018
North America,EMIT_L1B_RAD_001_20230822T192531_2323413_003
North America,EMIT_L1B_RAD_001_20230627T170824_2317811_022
North America,EMIT_L1B_RAD_001_20230624T175756_2317512_016
North America,EMIT_L1B_RAD_001_20230607T171254_2315811_017
North America,EMIT_L1B_RAD_001_20231004T174656_2327712_013
North America,EMIT_L1B_RAD_001_20231020T192822_2329313_021
North America,EMIT_L1B_RAD_001_20230428T164518_2311811_008
North America,EMIT_L1B_RAD_001_20231007T183505_2328012_004
North America,EMIT_L1B_RAD_001_20230607T171230_2315811_015
North America,EMIT_L1B_RAD_001_20230927T201027_2327013_008
North America,EMIT_L1B_RAD_001_20230404T181554_2309412_012
North America,EMIT_L1B_RAD_001_20231016T210442_2328914_019
North America,EMIT_L1B_RAD_001_20231016T210343_2328914_014
North America,EMIT_L1B_RAD_001_20231016T210331_2328914_013
North America,EMIT_L1B_RAD_001_20230831T152858_2324310_016
North America,EMIT_L1B_RAD_001_20230221T185525_2305212_028
North America,EMIT_L1B_RAD_001_20230726T214517_2320714_027
North America,EMIT_L1B_RAD_001_20230406T181942_2309612_024
North America,EMIT_L1B_RAD_001_20230608T162235_2315911_010
North America,EMIT_L1B_RAD_001_20230805T182913_2321712_011
North America,EMIT_L1B_RAD_001_20230805T182750_2321712_004
North America,EMIT_L1B_RAD_001_20230623T184755_2317412_028
North America,EMIT_L1B_RAD_001_20230804T174042_2321612_011
North America,EMIT_L1B_RAD_001_20231016T210419_2328914_017
North America,EMIT_L1B_RAD_001_20230820T192744_2323213_022
North America,EMIT_L1B_RAD_001_20231008T174823_2328112_014
North America,EMIT_L1B_RAD_001_20230614T224926_2316515_010
North America,EMIT_L1B_RAD_001_20230823T153112_2323510_004
North America,EMIT_L1B_RAD_001_20231203T183458_2333712_011
North America,EMIT_L1B_RAD_001_20231019T183914_2329212_010
North America,EMIT_L1B_RAD_001_20230525T225345_2314515_004
North America,EMIT_L1B_RAD_001_20230924T223328_2326715_003
North America,EMIT_L1B_RAD_001_20231019T183903_2329212_009
North America,EMIT_L1B_RAD_001_20230623T184807_2317412_029
North America,EMIT_L1B_RAD_001_20231028T161801_2330111_004
North America,EMIT_L1B_RAD_001_20230530T185906_2315013_013
North America,EMIT_L1B_RAD_001_20231016T210407_2328914_016
North America,EMIT_L1B_RAD_001_20230607T171218_2315811_014
North America,EMIT_L1B_RAD_001_20230415T222444_2310515_009
North America,EMIT_L1B_RAD_001_20230416T213846_2310614_021
North America,EMIT_L1B_RAD_001_20231019T183926_2329212_011
North America,EMIT_L1B_RAD_001_20230324T221307_2308315_008
North America,EMIT_L1B_RAD_001_20230927T214607_2327014_005
North America,EMIT_L1B_RAD_001_20230929T201049_2327213_012
North America,EMIT_L1B_RAD_001_20230219T172246_2305011_004
North America,EMIT_L1B_RAD_001_20230416T214009_2310614_028
North America,EMIT_L1B_RAD_001_20230601T202659_2315214_006
North America,EMIT_L1B_RAD_001_20230623T184644_2317412_022
North America,EMIT_L1B_RAD_001_20231019T184014_2329212_015
North America,EMIT_L1B_RAD_001_20230405T172755_2309512_007
North America,EMIT_L1B_RAD_001_20230622T193225_2317313_005
North America,EMIT_L1B_RAD_001_20231020T192846_2329313_023
North America,EMIT_L1B_RAD_001_20230205T171208_2303612_003
North America,EMIT_L1B_RAD_001_20230808T160706_2322011_013
North America,EMIT_L1B_RAD_001_20230730T200611_2321113_013
North America,EMIT_L1B_RAD_001_20230603T202625_2315414_004
North America,EMIT_L1B_RAD_001_20230810T173922_2322212_008
North America,EMIT_L1B_RAD_001_20230601T185100_2315213_007
North America,EMIT_L1B_RAD_001_20231008T174625_2328112_004
North America,EMIT_L1B_RAD_001_20230810T173910_2322212_007
North America,EMIT_L1B_RAD_001_20231204T174606_2333812_010
North America,EMIT_L1B_RAD_001_20231010T161057_2328311_005
North America,EMIT_L1B_RAD_001_20230808T160347_2322011_008
North America,EMIT_L1B_RAD_001_20230826T174949_2323812_002
North America,EMIT_L1B_RAD_001_20230803T200512_2321513_005
North America,EMIT_L1B_RAD_001_20230728T200931_2320913_008
North America,EMIT_L1B_RAD_001_20230823T170257_2323511_002
North America,EMIT_L1B_RAD_001_20231005T183438_2327812_006
North America,EMIT_L1B_RAD_001_20231016T210454_2328914_020
North America,EMIT_L1B_RAD_001_20230807T182807_2321912_008
North America,EMIT_L1B_RAD_001_20230827T170550_2323911_017
North America,EMIT_L1B_RAD_001_20230622T193213_2317313_004
North America,EMIT_L1B_RAD_001_20231016T210355_2328914_015
North America,EMIT_L1B_RAD_001_20231007T165928_2328011_014
North America,EMIT_L1B_RAD_001_20231023T170428_2329611_005
North America,EMIT_L1B_RAD_001_20230420T200204_2311013_022
North America,EMIT_L1B_RAD_001_20231205T165738_2333911_009
North America,EMIT_L1B_RAD_001_20230131T211256_2303114_002
North America,EMIT_L1B_RAD_001_20230805T165150_2321711_004
North America,EMIT_L1B_RAD_001_20230619T202537_2317013_027
North America,EMIT_L1B_RAD_001_20230622T193312_2317313_009
North America,EMIT_L1B_RAD_001_20231009T165914_2328211_009
North America,EMIT_L1B_RAD_001_20230729T205705_2321014_022
North America,EMIT_L1B_RAD_001_20230627T170725_2317811_017
North America,EMIT_L1B_RAD_001_20230627T170737_2317811_018
North America,EMIT_L1B_RAD_001_20230627T170637_2317811_013
North America,EMIT_L1B_RAD_001_20230826T175048_2323812_007
North America,EMIT_L1B_RAD_001_20231003T183528_2327612_014
North America,EMIT_L1B_RAD_001_20230627T170626_2317811_012
North America,EMIT_L1B_RAD_001_20230810T173934_2322212_009
North America,EMIT_L1B_RAD_001_20230220T194746_2305113_037
North America,EMIT_L1B_RAD_001_20231023T170527_2329611_010
North America,EMIT_L1B_RAD_001_20230216T212501_2304714_027
North America,EMIT_L1B_RAD_001_20231007T170202_2328011_027
North America,EMIT_L1B_RAD_001_20231004T192242_2327713_005
North America,EMIT_L1B_RAD_001_20231019T183950_2329212_013
North America,EMIT_L1B_RAD_001_20231019T184002_2329212_014
North America,EMIT_L1B_RAD_001_20230726T214529_2320714_028
North America,EMIT_L1B_RAD_001_20230731T191723_2321213_009
North America,EMIT_L1B_RAD_001_20231016T210319_2328914_012
North America,EMIT_L1B_RAD_001_20230804T191801_2321613_013
North America,EMIT_L1B_RAD_001_20230420T200117_2311013_018
North America,EMIT_L1B_RAD_001_20230627T170713_2317811_016
North America,EMIT_L1B_RAD_001_20230127T211525_2302714_012
North America,EMIT_L1B_RAD_001_20230420T200105_2311013_017
North America,EMIT_L1B_RAD_001_20230216T212513_2304714_028
North America,EMIT_L1B_RAD_001_20230406T181708_2309612_011
North America,EMIT_L1B_RAD_001_20230622T193324_2317313_010
North America,EMIT_L1B_RAD_001_20231019T183608_2329212_005
North America,EMIT_L1B_RAD_001_20230826T175100_2323812_008
North America,EMIT_L1B_RAD_001_20230420T200029_2311013_014
North America,EMIT_L1B_RAD_001_20230817T183701_2322912_003
North America,EMIT_L1B_RAD_001_20230619T202549_2317013_028
North America,EMIT_L1B_RAD_001_20231006T175012_2327912_024
North America,EMIT_L1B_RAD_001_20230131T194025_2303113_023
North America,EMIT_L1B_RAD_001_20230420T200053_2311013_016
North America,EMIT_L1B_RAD_001_20230604T180118_2315512_011
North America,EMIT_L1B_RAD_001_20230811T165238_2322311_003
North America,EMIT_L1B_RAD_001_20230804T174030_2321612_010
North America,EMIT_L1B_RAD_001_20230415T222357_2310515_005
North America,EMIT_L1B_RAD_001_20230627T170649_2317811_014
North America,EMIT_L1B_RAD_001_20231020T192834_2329313_022
North America,EMIT_L1B_RAD_001_20230603T171229_2315412_001
North America,EMIT_L1B_RAD_001_20230805T182901_2321712_010
North America,EMIT_L1B_RAD_001_20230401T190235_2309113_007
North America,EMIT_L1B_RAD_001_20230627T170701_2317811_015
North America,EMIT_L1B_RAD_001_20230626T175452_2317712_009
North America,EMIT_L1B_RAD_001_20230609T170935_2316011_004
North America,EMIT_L1B_RAD_001_20230407T173159_2309712_028
North America,EMIT_L1B_RAD_001_20230804T191638_2321613_006
North America,EMIT_L1B_RAD_001_20230325T212443_2308414_003
North America,EMIT_L1B_RAD_001_20230420T200006_2311013_012
North America,EMIT_L1B_RAD_001_20231005T183538_2327812_011
North America,EMIT_L1B_RAD_001_20230924T223451_2326715_010
North America,EMIT_L1B_RAD_001_20230405T190359_2309513_006
North America,EMIT_L1B_RAD_001_20231201T183438_2333512_010
North America,EMIT_L1B_RAD_001_20231016T210506_2328914_021
North America,EMIT_L1B_RAD_001_20230609T171323_2316011_020
North America,EMIT_L1B_RAD_001_20230730T200559_2321113_012
North America,EMIT_L1B_RAD_001_20230501T160032_2312110_013
North America,EMIT_L1B_RAD_001_20231202T192215_2333613_004
North America,EMIT_L1B_RAD_001_20230420T200129_2311013_019
North America,EMIT_L1B_RAD_001_20230130T184900_2303013_004
North America,EMIT_L1B_RAD_001_20230415T222456_2310515_010
North America,EMIT_L1B_RAD_001_20231023T170451_2329611_007
North America,EMIT_L1B_RAD_001_20230619T184646_2317012_003
North America,EMIT_L1B_RAD_001_20231019T183938_2329212_012
North America,EMIT_L1B_RAD_001_20230407T172913_2309712_014
North America,EMIT_L1B_RAD_001_20231008T161028_2328111_011
North America,EMIT_L1B_RAD_001_20230220T194734_2305113_036
North America,EMIT_L1B_RAD_001_20230329T212905_2308814_023
North America,EMIT_L1B_RAD_001_20230611T171023_2316211_014
North America,EMIT_L1B_RAD_001_20230730T214207_2321114_005
North America,EMIT_L1B_RAD_001_20230420T182847_2311012_010
North America,EMIT_L1B_RAD_001_20230808T174028_2322012_014
North America,EMIT_L1B_RAD_001_20230622T193336_2317313_011
North America,EMIT_L1B_RAD_001_20230827T170427_2323911_010
North America,EMIT_L1B_RAD_001_20230831T152624_2324310_003
North America,EMIT_L1B_RAD_001_20231016T210518_2328914_022
North America,EMIT_L1B_RAD_001_20230808T173941_2322012_010
North America,EMIT_L1B_RAD_001_20231004T192253_2327713_006
North America,EMIT_L1B_RAD_001_20231006T174726_2327912_010
North America,EMIT_L1B_RAD_001_20230415T222508_2310515_011
North America,EMIT_L1B_RAD_001_20230403T190655_2309313_026
North America,EMIT_L1B_RAD_001_20230203T185112_2303413_016
North America,EMIT_L1B_RAD_001_20231004T174644_2327712_012
North America,EMIT_L1B_RAD_001_20230925T214648_2326814_011
North America,EMIT_L1B_RAD_001_20230529T211724_2314914_012
North America,EMIT_L1B_RAD_001_20231205T165726_2333911_008
North America,EMIT_L1B_RAD_001_20231015T215058_2328814_006
North America,EMIT_L1B_RAD_001_20230324T221255_2308315_007
North America,EMIT_L1B_RAD_001_20231002T192153_2327513_003
North America,EMIT_L1B_RAD_001_20230924T223340_2326715_004
North America,EMIT_L1B_RAD_001_20231010T161340_2328311_017
North America,EMIT_L1B_RAD_001_20230420T200041_2311013_015
North America,EMIT_L1B_RAD_001_20230607T171206_2315811_013
North America,EMIT_L1B_RAD_001_20230607T171155_2315811_012
North America,EMIT_L1B_RAD_001_20230402T195151_2309213_010
North America,EMIT_L1B_RAD_001_20230602T180201_2315312_002
North America,EMIT_L1B_RAD_001_20230831T152612_2324310_002
North America,EMIT_L1B_RAD_001_20230815T201243_2322713_003
North America,EMIT_L1B_RAD_001_20230627T170614_2317811_011
North America,EMIT_L1B_RAD_001_20230406T181533_2309612_003
North America,EMIT_L1B_RAD_001_20230405T172743_2309512_006
North America,EMIT_L1B_RAD_001_20230808T160718_2322011_014
North America,EMIT_L1B_RAD_001_20231023T170440_2329611_006
North America,EMIT_L1B_RAD_001_20230605T184835_2315613_004
North America,EMIT_L1B_RAD_001_20230808T160335_2322011_007
North America,EMIT_L1B_RAD_001_20230202T175941_2303312_002
North America,EMIT_L1B_RAD_001_20230201T184830_2303213_012
North America,EMIT_L1B_RAD_001_20230528T220507_2314815_008
North America,EMIT_L1B_RAD_001_20230406T181953_2309612_025
North America,EMIT_L1B_RAD_001_20231027T170702_2330011_018
North America,EMIT_L1B_RAD_001_20230831T152723_2324310_008
North America,EMIT_L1B_RAD_001_20230420T200140_2311013_020
North America,EMIT_L1B_RAD_001_20230805T182802_2321712_005
North America,EMIT_L1B_RAD_001_20231022T192814_2329513_010
North America,EMIT_L1B_RAD_001_20230607T184750_2315812_004
North America,EMIT_L1B_RAD_001_20230826T175112_2323812_009
North America,EMIT_L1B_RAD_001_20230404T181543_2309412_011
North America,EMIT_L1B_RAD_001_20230601T185048_2315213_006
North America,EMIT_L1B_RAD_001_20230608T162223_2315911_009
North America,EMIT_L1B_RAD_001_20230831T152700_2324310_006
North America,EMIT_L1B_RAD_001_20230416T213659_2310614_012
North America,EMIT_L1B_RAD_001_20231007T183517_2328012_005
North America,EMIT_L1B_RAD_001_20230728T214142_2320914_005
North America,EMIT_L1B_RAD_001_20231203T183446_2333712_010
North America,EMIT_L1B_RAD_001_20230423T191057_2311313_009
North America,EMIT_L1B_RAD_001_20230426T182251_2311612_011
North America,EMIT_L1B_RAD_001_20231027T170749_2330011_022
North America,EMIT_L1B_RAD_001_20230128T185326_2302813_002
North America,EMIT_L1B_RAD_001_20230416T213759_2310614_017
North America,EMIT_L1B_RAD_001_20230416T213747_2310614_016
North America,EMIT_L1B_RAD_001_20230813T214628_2322514_005
North America,EMIT_L1B_RAD_001_20230416T213648_2310614_011
North America,EMIT_L1B_RAD_001_20230927T214706_2327014_010
North America,EMIT_L1B_RAD_001_20230205T171156_2303612_002
North America,EMIT_L1B_RAD_001_20230427T173741_2311711_033
North America,EMIT_L1B_RAD_001_20231007T165916_2328011_013
North America,EMIT_L1B_RAD_001_20230810T173946_2322212_010
North America,EMIT_L1B_RAD_001_20230626T175504_2317712_010
North America,EMIT_L1B_RAD_001_20230416T213711_2310614_013
North America,EMIT_L1B_RAD_001_20230803T182858_2321512_011
North America,EMIT_L1B_RAD_001_20231027T170650_2330011_017
North America,EMIT_L1B_RAD_001_20230530T185918_2315013_014
North America,EMIT_L1B_RAD_001_20231008T174811_2328112_013
North America,EMIT_L1B_RAD_001_20230416T213735_2310614_015
North America,EMIT_L1B_RAD_001_20230607T171143_2315811_011
North America,EMIT_L1B_RAD_001_20230623T184632_2317412_021
North America,EMIT_L1B_RAD_001_20231008T175136_2328112_019
North America,EMIT_L1B_RAD_001_20230927T214618_2327014_006
North America,EMIT_L1B_RAD_001_20230815T214614_2322714_001
North America,EMIT_L1B_RAD_001_20231008T174637_2328112_005
North America,EMIT_L1B_RAD_001_20230416T200104_2310613_003
North America,EMIT_L1B_RAD_001_20230601T202710_2315214_007
North America,EMIT_L1B_RAD_001_20230924T223439_2326715_009
North America,EMIT_L1B_RAD_001_20230623T184458_2317412_013
North America,EMIT_L1B_RAD_001_20230416T182751_2310612_002
North America,EMIT_L1B_RAD_001_20230420T195954_2311013_011
North America,EMIT_L1B_RAD_001_20231027T170725_2330011_020
North America,EMIT_L1B_RAD_001_20230623T184446_2317412_012
North America,EMIT_L1B_RAD_001_20231204T174554_2333812_009
North America,EMIT_L1B_RAD_001_20230623T184557_2317412_018
North America,EMIT_L1B_RAD_001_20230623T184545_2317412_017
North America,EMIT_L1B_RAD_001_20230427T173718_2311711_031
North America,EMIT_L1B_RAD_001_20230416T213723_2310614_014
North America,EMIT_L1B_RAD_001_20230804T191738_2321613_011
North America,EMIT_L1B_RAD_001_20230529T194804_2314913_008
North America,EMIT_L1B_RAD_001_20230427T173753_2311711_034
North America,EMIT_L1B_RAD_001_20230401T190223_2309113_006
North America,EMIT_L1B_RAD_001_20230831T152712_2324310_007
North America,EMIT_L1B_RAD_001_20230602T193741_2315313_002
North America,EMIT_L1B_RAD_001_20230805T165138_2321711_003
North America,EMIT_L1B_RAD_001_20230815T201255_2322713_004
North America,EMIT_L1B_RAD_001_20230623T184509_2317412_014
North America,EMIT_L1B_RAD_001_20230603T202637_2315414_005
North America,EMIT_L1B_RAD_001_20230602T193729_2315313_001
North America,EMIT_L1B_RAD_001_20230420T200152_2311013_021
North America,EMIT_L1B_RAD_001_20230602T193753_2315313_003
North America,EMIT_L1B_RAD_001_20231003T183516_2327612_013
North America,EMIT_L1B_RAD_001_20231007T170214_2328011_028
North America,EMIT_L1B_RAD_001_20230220T194723_2305113_035
North America,EMIT_L1B_RAD_001_20230626T175516_2317712_011
North America,EMIT_L1B_RAD_001_20230423T191109_2311313_010
North America,EMIT_L1B_RAD_001_20230401T203850_2309114_007
North America,EMIT_L1B_RAD_001_20231006T174551_2327912_002
North America,EMIT_L1B_RAD_001_20230402T181426_2309212_002
North America,EMIT_L1B_RAD_001_20231010T161045_2328311_004
North America,EMIT_L1B_RAD_001_20230623T184533_2317412_016
North America,EMIT_L1B_RAD_001_20230403T190358_2309313_011
North America,EMIT_L1B_RAD_001_20230815T201307_2322713_005
North America,EMIT_L1B_RAD_001_20231016T210308_2328914_011
North America,EMIT_L1B_RAD_001_20230324T221243_2308315_006
North America,EMIT_L1B_RAD_001_20231001T183824_2327412_015
North America,EMIT_L1B_RAD_001_20230804T174018_2321612_009
North America,EMIT_L1B_RAD_001_20231006T192509_2327913_001
North America,EMIT_L1B_RAD_001_20230623T184259_2317412_003
North America,EMIT_L1B_RAD_001_20230807T182819_2321912_009
North America,EMIT_L1B_RAD_001_20230823T170309_2323511_003
North America,EMIT_L1B_RAD_001_20230811T165226_2322311_002
North America,EMIT_L1B_RAD_001_20230427T173630_2311711_027
North America,EMIT_L1B_RAD_001_20230427T173618_2311711_026
North America,EMIT_L1B_RAD_001_20231020T192624_2329313_011
North America,EMIT_L1B_RAD_001_20230803T200524_2321513_006
North America,EMIT_L1B_RAD_001_20231019T183556_2329212_004
North America,EMIT_L1B_RAD_001_20230325T212431_2308414_002
North America,EMIT_L1B_RAD_001_20230130T184848_2303013_003
North America,EMIT_L1B_RAD_001_20231009T165902_2328211_008
North America,EMIT_L1B_RAD_001_20231001T183408_2327412_006
North America,EMIT_L1B_RAD_001_20230805T182849_2321712_009
North America,EMIT_L1B_RAD_001_20230623T184521_2317412_015
North America,EMIT_L1B_RAD_001_20230823T183724_2323512_003
North America,EMIT_L1B_RAD_001_20230331T195001_2309013_010
North America,EMIT_L1B_RAD_001_20230819T183816_2323112_004
North America,EMIT_L1B_RAD_001_20230327T212531_2308614_010
North America,EMIT_L1B_RAD_001_20230610T162131_2316111_010
North America,EMIT_L1B_RAD_001_20230819T183828_2323112_005
North America,EMIT_L1B_RAD_001_20231027T170638_2330011_016
North America,EMIT_L1B_RAD_001_20230623T184609_2317412_019
North America,EMIT_L1B_RAD_001_20230808T160323_2322011_006
North America,EMIT_L1B_RAD_001_20230416T213636_2310614_010
North America,EMIT_L1B_RAD_001_20231205T165714_2333911_007
North America,EMIT_L1B_RAD_001_20230729T205717_2321014_023
North America,EMIT_L1B_RAD_001_20230619T184658_2317012_004
North America,EMIT_L1B_RAD_001_20230619T184710_2317012_005
North America,EMIT_L1B_RAD_001_20231201T183426_2333512_009
North America,EMIT_L1B_RAD_001_20230406T181656_2309612_010
North America,EMIT_L1B_RAD_001_20230529T211713_2314914_011
North America,EMIT_L1B_RAD_001_20230427T173706_2311711_030
North America,EMIT_L1B_RAD_001_20230427T173642_2311711_028
North America,EMIT_L1B_RAD_001_20230604T180106_2315512_010
North America,EMIT_L1B_RAD_001_20230526T220618_2314615_011
North America,EMIT_L1B_RAD_001_20231009T183649_2328212_006
North America,EMIT_L1B_RAD_001_20230602T180656_2315312_007
North America,EMIT_L1B_RAD_001_20231027T170626_2330011_015
North America,EMIT_L1B_RAD_001_20230801T214335_2321314_009
North America,EMIT_L1B_RAD_001_20231018T210328_2329114_012
North America,EMIT_L1B_RAD_001_20230609T170947_2316011_005
North America,EMIT_L1B_RAD_001_20230407T172901_2309712_013
North America,EMIT_L1B_RAD_001_20230626T175528_2317712_012
North America,EMIT_L1B_RAD_001_20231007T201321_2328013_002
North America,EMIT_L1B_RAD_001_20230427T173607_2311711_025
North America,EMIT_L1B_RAD_001_20230623T184434_2317412_011
North America,EMIT_L1B_RAD_001_20230227T172239_2305811_011
North America,EMIT_L1B_RAD_001_20230925T214636_2326814_010
North America,EMIT_L1B_RAD_001_20231027T170737_2330011_021
North America,EMIT_L1B_RAD_001_20230804T191650_2321613_007
North America,EMIT_L1B_RAD_001_20230823T170321_2323511_004
North America,EMIT_L1B_RAD_001_20230927T200951_2327013_005
North America,EMIT_L1B_RAD_001_20230630T162026_2318111_019
North America,EMIT_L1B_RAD_001_20231202T192227_2333613_005
North America,EMIT_L1B_RAD_001_20231005T183526_2327812_010
North America,EMIT_L1B_RAD_001_20230602T193805_2315313_004
North America,EMIT_L1B_RAD_001_20230405T172731_2309512_005
North America,EMIT_L1B_RAD_001_20230216T211922_2304714_012
North America,EMIT_L1B_RAD_001_20230924T223352_2326715_005
North America,EMIT_L1B_RAD_001_20231004T174633_2327712_011
North America,EMIT_L1B_RAD_001_20230427T173245_2311711_008
North America,EMIT_L1B_RAD_001_20230402T195448_2309213_025
North America,EMIT_L1B_RAD_001_20230202T175929_2303312_001
North America,EMIT_L1B_RAD_001_20230402T195139_2309213_009
North America,EMIT_L1B_RAD_001_20230815T201330_2322713_007
North America,EMIT_L1B_RAD_001_20230819T183903_2323112_008
North America,EMIT_L1B_RAD_001_20230602T180149_2315312_001
North America,EMIT_L1B_RAD_001_20230613T170841_2316411_002
North America,EMIT_L1B_RAD_001_20230427T173805_2311711_035
North America,EMIT_L1B_RAD_001_20230826T175124_2323812_010
North America,EMIT_L1B_RAD_001_20230224T181222_2305512_032
North America,EMIT_L1B_RAD_001_20230823T183859_2323512_011
North America,EMIT_L1B_RAD_001_20230607T171131_2315811_010
North America,EMIT_L1B_RAD_001_20230606T180029_2315712_009
North America,EMIT_L1B_RAD_001_20231023T184413_2329612_035
North America,EMIT_L1B_RAD_001_20230807T165145_2321911_012
North America,EMIT_L1B_RAD_001_20230929T201038_2327213_011
North America,EMIT_L1B_RAD_001_20230619T184745_2317012_008
North America,EMIT_L1B_RAD_001_20230823T170333_2323511_005
North America,EMIT_L1B_RAD_001_20230815T201319_2322713_006
North America,EMIT_L1B_RAD_001_20230817T201156_2322913_002
North America,EMIT_L1B_RAD_001_20230623T184620_2317412_020
North America,EMIT_L1B_RAD_001_20231015T215209_2328814_012
North America,EMIT_L1B_RAD_001_20230605T171204_2315612_003
North America,EMIT_L1B_RAD_001_20230427T173309_2311711_010
North America,EMIT_L1B_RAD_001_20230224T181246_2305512_034
North America,EMIT_L1B_RAD_001_20230823T183847_2323512_010
North America,EMIT_L1B_RAD_001_20230228T163651_2305911_012
North America,EMIT_L1B_RAD_001_20230819T183840_2323112_006
North America,EMIT_L1B_RAD_001_20231008T174649_2328112_006
North America,EMIT_L1B_RAD_001_20230808T173953_2322012_011
North America,EMIT_L1B_RAD_001_20230730T214219_2321114_006
North America,EMIT_L1B_RAD_001_20231006T174714_2327912_009
North America,EMIT_L1B_RAD_001_20230619T184721_2317012_006
North America,EMIT_L1B_RAD_001_20230203T185124_2303413_017
North America,EMIT_L1B_RAD_001_20230529T211625_2314914_007
North America,EMIT_L1B_RAD_001_20231018T192507_2329113_007
North America,EMIT_L1B_RAD_001_20230404T181531_2309412_010
North America,EMIT_L1B_RAD_001_20230601T185036_2315213_005
North America,EMIT_L1B_RAD_001_20230819T183851_2323112_007
North America,EMIT_L1B_RAD_001_20230427T173555_2311711_024
North America,EMIT_L1B_RAD_001_20230619T202117_2317013_005
North America,EMIT_L1B_RAD_001_20230619T184733_2317012_007
North America,EMIT_L1B_RAD_001_20230228T163639_2305911_011
North America,EMIT_L1B_RAD_001_20231010T161352_2328311_018
North America,EMIT_L1B_RAD_001_20231007T165905_2328011_012
North America,EMIT_L1B_RAD_001_20230805T182814_2321712_006
North America,EMIT_L1B_RAD_001_20230619T202239_2317013_012
North America,EMIT_L1B_RAD_001_20230224T181211_2305512_031
North America,EMIT_L1B_RAD_001_20230619T202251_2317013_013
North America,EMIT_L1B_RAD_001_20230420T195807_2311013_002
North America,EMIT_L1B_RAD_001_20231022T192826_2329513_011
North America,EMIT_L1B_RAD_001_20230604T193738_2315513_006
North America,EMIT_L1B_RAD_001_20231021T183806_2329412_009
North America,EMIT_L1B_RAD_001_20230205T171144_2303612_001
North America,EMIT_L1B_RAD_001_20230406T182005_2309612_026
North America,EMIT_L1B_RAD_001_20231027T170614_2330011_014
North America,EMIT_L1B_RAD_001_20230608T162211_2315911_008
North America,EMIT_L1B_RAD_001_20230423T191523_2311313_030
North America,EMIT_L1B_RAD_001_20230420T195831_2311013_004
