,lat,lon,date
3,7.592826427270796,102.98754263666363,2022-01-23
6,-36.36486804393561,-67.07469566033362,2022-06-11
7,7.593009747605738,102.98808540056194,2022-07-07
8,7.592196976363825,102.98827038677186,2022-08-11
10,7.5928285256799475,102.98799564081249,2022-08-21
17,30.351570098239986,46.83459212808459,2022-09-07
18,-36.36496353405981,-67.07502765947473,2022-09-14
19,7.592376519946852,102.98799774355628,2022-09-15
20,7.592468179852741,102.98826912534211,2022-10-15
21,30.35183630284584,46.83490917368575,2022-10-17
22,15.56366131129608,45.79581326138566,2022-11-03
27,38.64841184332191,54.28073744666647,2022-11-05
30,31.77777291232984,5.99498002682669,2022-11-09
31,38.64984493569354,54.28103262919743,2022-11-10
32,38.331244758480125,54.02858619607342,2022-11-10
33,38.69107594794365,54.31395202408664,2022-11-10
34,31.777682814697357,5.994977120747278,2022-11-12
40,31.77786300996081,5.994982932919113,2022-11-14
42,36.47086117165109,61.73469382697424,2022-11-16
43,36.473209065726735,61.45907942316064,2022-11-16
44,36.47337344636433,61.4578484284059,2022-11-21
48,31.777865492413063,5.9948774613862215,2022-11-24
51,38.33098952983126,54.02800367534154,2022-11-25
52,38.68110463231656,54.316134943005565,2022-11-25
53,38.64844704098532,54.2826919481049,2022-11-25
56,36.55005440218841,61.56369259716386,2022-11-26
57,36.61328582420949,61.67623797846023,2022-11-26
58,31.777850596391893,5.995510290388396,2022-11-27
65,31.777860527421364,5.995088404438995,2022-12-04
66,37.9286528333794,53.91608945708437,2022-12-05
72,31.7780432052182,5.994988745142995,2022-12-07
73,15.563742599220578,45.79833153595071,2022-12-08
74,37.92847562558787,53.9159687000329,2022-12-10
75,38.6483538472573,54.28280256707723,2022-12-10
77,29.04881077422381,47.584220771513735,2022-12-11
82,15.565918588387715,45.79656801156397,2022-12-13
83,31.77779028760437,5.994241726537009,2022-12-14
84,31.74367128034204,5.898390183333727,2022-12-14
86,38.64836996092475,54.28222892311491,2022-12-15
87,38.68156424213552,54.3158113918373,2022-12-15
89,36.47520754361364,61.46026762113448,2022-12-16
90,39.97651701812369,61.6840419387001,2022-12-16
91,36.51105739055756,61.65162715106675,2022-12-16
93,31.77813082027916,5.995097123100241,2022-12-17
95,39.97797097783734,61.67722177008165,2022-12-19
98,31.776866970961635,5.995161907401567,2022-12-22
101,15.56392441082155,45.79805246345182,2022-12-23
102,39.97760455869079,61.68460661304373,2022-12-24
103,31.7776977079993,5.994344292578386,2022-12-24
104,28.431935517797715,7.514199243884381,2022-12-24
113,36.47408141778536,61.45682987566828,2022-12-26
116,31.842837885481003,6.140552009922335,2022-12-27
117,31.777767947181133,5.995190969649504,2022-12-27
119,31.777767947181133,5.995190969649504,2022-12-29
122,31.777775394773425,5.994874555395765,2023-01-01
125,15.564102842610977,45.79870595735356,2023-01-02
130,31.777855562080976,5.995299347439721,2023-01-03
133,38.64863342816109,54.282470709302174,2023-01-04
134,38.680741505351925,54.31623309388447,2023-01-04
135,38.85519066773707,54.235270666433976,2023-01-04
136,39.35972422731408,53.7649958282934,2023-01-04
138,29.144853920222893,21.455151263729974,2023-01-05
146,39.97659512332488,61.68298648753765,2023-01-08
147,31.7780432052182,5.994988745142995,2023-01-08
150,39.97696207238339,61.68356497481805,2023-01-10
151,28.43193440338402,7.514097162184487,2023-01-10
154,31.777497654331192,5.995182250838498,2023-01-11
158,31.77813082027916,5.995097123100241,2023-01-13
160,38.68056482889848,54.31611000457046,2023-01-14
161,38.64862053642966,54.28292962607803,2023-01-14
170,31.778128337626526,5.995202594913016,2023-01-16
175,39.97705879492062,61.684148651925845,2023-01-18
183,38.68102118086252,54.31590123248525,2023-01-19
184,38.33099248239397,54.02788942064204,2023-01-19
185,38.648742733236574,54.28178644228237,2023-01-19
186,38.557934706601,54.200548666215546,2023-01-19
193,31.77796055471154,5.994669424080934,2023-01-21
196,15.565153136443069,45.7966644367147,2023-01-22
200,39.86655534029958,61.35573828411857,2023-01-23
201,39.97749453806459,61.682852111731904,2023-01-23
202,39.68226613009304,60.21329634003548,2023-01-23
203,31.77778035939909,5.994663612494884,2023-01-23
211,37.928641558687936,53.91654402016122,2023-01-24
212,38.64910906055511,54.28157341709519,2023-01-24
213,38.49459497556267,54.197512230737615,2023-01-24
214,38.68091166498789,54.316585737460166,2023-01-24
215,38.8549858389535,54.2352617618725,2023-01-24
223,39.9766031039723,61.683688969596,2023-01-25
224,29.25434712686325,21.547851803904337,2023-01-25
228,31.778128337626526,5.995202594913016,2023-01-26
235,31.77804817007024,5.994777801656324,2023-01-28
240,38.85506942938286,54.235495973423234,2023-01-29
241,38.33080658165368,54.02811043291179,2023-01-29
243,31.058220891359245,26.67382276833256,2023-01-29
258,31.7782209178954,5.99510002934668,2023-01-31
264,15.563833336096875,45.798238628048,2023-02-01
287,28.606480312731897,7.514408753645196,2023-02-04
295,31.7780432052182,5.994988745142995,2023-02-05
309,26.062965838968623,50.53461604936353,2023-02-08
314,31.77803575728633,5.9953051602754135,2023-02-10
315,15.5655532802757,45.79759245087758,2023-02-11
317,39.97696473192363,61.683799136779896,2023-02-12
318,38.68110463231656,54.316134943005565,2023-02-13
319,38.85506623850984,54.235611038942544,2023-02-13
324,39.97605733671038,61.68323102234768,2023-02-14
330,31.777767947181133,5.995190969649504,2023-02-15
349,31.777955590051192,5.994880367389688,2023-02-17
356,38.68074476337823,54.316118317307925,2023-02-18
357,38.55847984322924,54.20367068977243,2023-02-18
358,38.64929544581084,54.28135217332006,2023-02-18
359,38.85590788923581,54.23449709876181,2023-02-18
382,28.909055907523488,20.9814330538816,2023-02-19
397,31.777860527421364,5.9950854982446025,2023-02-20
406,15.565368427194745,45.798710841265965,2023-02-21
429,37.92810993638835,53.91618174768142,2023-02-23
438,39.97678724184848,61.684036754767085,2023-02-24
478,38.85561245106078,54.23540539188009,2023-02-28
479,38.64834740100427,54.28303202453372,2023-02-28
480,38.49404883325326,54.19771732978502,2023-02-28
481,38.33079476992297,54.02856745034845,2023-02-28
482,38.680461829001295,54.31656495270579,2023-02-28
489,36.4731917649622,61.45774041606447,2023-03-01
490,37.95170902198765,63.5309874754121,2023-03-01
492,28.908333674948544,20.980407391458588,2023-03-01
500,37.95280129575944,63.52860502185555,2023-03-03
506,38.64863020539667,54.28258543852367,2023-03-05
507,38.560686090758665,54.21191509871178,2023-03-05
509,31.059122925947687,26.673714877635938,2023-03-05
511,36.47345635327804,61.45728872136197,2023-03-06
512,36.55024675485195,61.56469456083735,2023-03-06
513,29.145219820707503,21.453713511129777,2023-03-06
517,31.777762981683736,5.99540191242027,2023-03-07
532,37.30690759275769,94.29035263764509,2023-03-12
540,31.77786300996081,5.994982932919113,2023-03-14
549,36.47309443235538,61.45718428331066,2023-03-16
551,31.777858044794748,5.995193875945864,2023-03-17
555,15.56410216624171,45.79889247070633,2023-03-18
556,32.598422464509966,39.0352740373864,2023-03-18
558,38.85543569811594,54.235282164341854,2023-03-20
559,38.64892911883188,54.28156520015,2023-03-20
566,36.47167270873508,61.4587750105299,2023-03-21
576,31.777767947181133,5.995190969649504,2023-03-22
582,15.5640134579582,45.79842583859567,2023-03-23
598,39.97660842203957,61.68415729112383,2023-03-24
599,31.77786300996081,5.994982932919113,2023-03-24
602,39.507216821068496,53.59061373009501,2023-03-25
603,38.85489267648939,54.23537274670011,2023-03-25
604,38.55738855717148,54.20075388851004,2023-03-25
605,38.64886491901848,54.2806432538104,2023-03-25
606,31.058582605887,26.67413597207011,2023-03-25
617,36.52147971468362,61.67266640095184,2023-03-26
618,36.37338047500523,61.556915632243616,2023-03-26
633,40.04893758874556,61.04493736201613,2023-03-29
641,31.7781357853229,5.994886179435653,2023-03-29
648,26.04383818760053,50.56857722506148,2023-03-30
649,38.64871986337283,54.285806076691,2023-03-30
650,38.3306236333961,54.02821718996855,2023-03-30
651,38.85499920404168,54.2380274106342,2023-03-30
652,38.55732982866458,54.20947094012024,2023-03-30
661,36.47354358700725,61.457063766219385,2023-03-31
662,40.04920970056092,61.04504680862393,2023-03-31
668,31.777955590051192,5.994880367389688,2023-04-01
683,39.5075075854797,53.5896941577662,2023-04-04
703,36.4731917649622,61.45774041606447,2023-04-05
709,31.7782209178954,5.99510002934668,2023-04-06
717,31.7780432052182,5.994988745142995,2023-04-08
725,36.47372382602786,61.45706019280905,2023-04-10
734,15.563922721004456,45.79851874648926,2023-04-12
738,31.778133302844616,5.994991651274453,2023-04-13
743,38.55766790423229,54.20042209013849,2023-04-14
744,36.47327899957717,61.45751546217307,2023-04-15
745,39.97713690095341,61.68309319250428,2023-04-15
746,29.144945571228337,21.454740421560786,2023-04-15
749,31.77803575728633,5.9953051602754135,2023-04-16
755,15.562559291037209,45.800565146762494,2023-04-17
781,7.593095531673466,102.98708837036834,2023-04-18
797,31.7779456596844,5.995302253851062,2023-04-18
805,39.46122781096839,53.77590184957446,2023-04-19
806,37.92918727462095,53.91633809025018,2023-04-19
807,38.85489586711575,54.23525768143334,2023-04-19
808,38.5575528328729,54.2013348449776,2023-04-19
809,38.64837640560568,54.28199946540154,2023-04-19
810,38.49395572342336,54.197827841423845,2023-04-19
811,38.331076574906746,54.02812167860568,2023-04-19
821,40.04828947151399,61.04390088655427,2023-04-20
822,36.47291852142588,61.457522606737854,2023-04-20
825,29.048542249531597,47.58411141261464,2023-04-20
826,29.254077635341485,21.54754160877177,2023-04-20
827,29.145581536301314,21.453509475919603,2023-04-20
842,15.5640134579582,45.79842583859567,2023-04-22
856,7.592553125102962,102.9870908948726,2023-04-23
865,31.77768529713228,5.994871649418321,2023-04-23
872,38.85498264831694,54.23537682728377,2023-04-24
877,36.550157976805686,61.56480792742413,2023-04-25
878,36.4732818845073,61.45773863016954,2023-04-25
882,30.274697157340587,47.74274781328878,2023-04-25
884,29.14422457835141,21.454428814570363,2023-04-25
885,29.2528145268636,21.547431963758395,2023-04-25
896,31.77804072266141,5.995094216866813,2023-04-26
905,19.566050989304703,-92.23730573352132,2023-04-27
915,31.777865492413063,5.9948774613862215,2023-04-28
937,38.49261297731347,54.194214913617,2023-04-29
938,38.557860406594976,54.199971701507536,2023-04-29
939,39.507499814759726,53.59004276036055,2023-04-29
940,38.33090838939714,54.02765716319189,2023-04-29
941,37.90837660293134,53.8980027171247,2023-04-29
942,38.8551625919668,54.23538498850583,2023-04-29
943,38.64903197620059,54.2811103886688,2023-04-29
960,15.5641031807364,45.79861270067375,2023-05-02
962,19.56641324779412,-92.23749469490056,2023-05-02
963,31.777948142406853,5.995196782255236,2023-05-03
976,31.778133302844616,5.994991651274453,2023-05-06
979,15.56365118619635,45.798610956731245,2023-05-07
981,40.04905135819889,61.046340790831216,2023-05-08
984,38.64886491901848,54.2806432538104,2023-05-09
985,38.85509176232612,54.23469051427745,2023-05-09
999,15.56401176734138,45.79889212179111,2023-05-12
1000,19.56577949677449,-92.2372116781902,2023-05-12
1005,40.05129336938237,61.05108307332899,2023-05-13
1006,39.97651701812369,61.6840419387001,2023-05-13
1007,31.77582054534604,5.993650464973675,2023-05-13
1011,31.77803824001745,5.99519968857762,2023-05-16
1014,19.565334120512013,-92.23873908472451,2023-05-17
1017,31.77653388309882,5.993990112399817,2023-05-18
1024,38.85515940119672,54.23550005418788,2023-05-19
1025,39.50713976102995,53.59002938433034,2023-05-19
1026,37.92865001487089,53.91620309787736,2023-05-19
1027,37.908222165662295,53.9006122391133,2023-05-19
1028,38.65159947351463,54.279504404599706,2023-05-19
1029,38.68074476337823,54.316118317307925,2023-05-19
1030,38.33103522567321,54.0297212443816,2023-05-19
1031,38.557577924729145,54.20041809622388,2023-05-19
1032,38.64911872563413,54.281229226735206,2023-05-19
1037,39.97678591238233,61.68391967407398,2023-05-20
1038,40.05052960558709,61.048525863569694,2023-05-20
1039,39.89818444879175,61.71256231303343,2023-05-20
1045,31.77787045705607,5.994666518281404,2023-05-21
1049,39.97624147591306,61.68357880352444,2023-05-23
1050,40.04824885942422,61.0468325974252,2023-05-23
1058,38.33044659062586,54.02809543888734,2023-05-24
1059,38.85472230430759,54.235019390599504,2023-05-24
1060,37.90899550675524,53.89848190251946,2023-05-24
1061,38.648340954302085,54.2832614819168,2023-05-24
1062,26.062243802486968,50.534718875357065,2023-05-24
1067,36.47310164541567,61.45774220195147,2023-05-25
1068,39.9766031039723,61.683688969596,2023-05-25
1083,37.90808415731165,53.89890100390177,2023-05-29
1084,38.33115180752372,54.02869670177599,2023-05-29
1085,38.85552566994316,54.23528624489043,2023-05-29
1089,39.976514359098495,61.68380777824345,2023-05-30
1090,36.47354502995574,61.457175350569166,2023-05-30
1091,36.55060455610181,61.56446449284043,2023-05-30
1111,25.13253250917832,47.36283441874594,2023-06-01
1124,38.33089067374432,54.02834269049329,2023-06-03
1125,38.85410526132938,54.23453057412116,2023-06-03
1126,38.55739796571764,54.20041010844813,2023-06-03
1127,38.64904163990117,54.28076619851776,2023-06-03
1128,38.68005633230921,54.3181551805442,2023-06-03
1143,39.97624945291271,61.68428128212912,2023-06-04
1144,36.47309298943048,61.45707269960632,2023-06-04
1145,36.54996427946044,61.56369426505319,2023-06-04
1146,40.048013400705656,61.04355711593879,2023-06-04
1148,29.252994609717344,21.54753584118936,2023-06-04
1149,27.718585941207888,9.88112082141817,2023-06-04
1192,30.362898088259428,49.88030794565181,2023-06-06
1193,25.132534090458307,47.36273529829737,2023-06-06
1230,31.777955590051192,5.994880367389688,2023-06-07
1235,26.036867098567416,50.5625056713028,2023-06-08
1248,36.55024675485195,61.56469456083735,2023-06-09
1253,31.7775001369231,5.995076779739497,2023-06-10
1261,25.13253092783212,47.36293353918612,2023-06-11
1262,30.17741185505049,50.41262931014118,2023-06-11
1263,30.363174997257637,49.88103317149773,2023-06-11
1269,39.97888908359442,61.67872649137456,2023-06-12
1273,31.163655526151967,5.966663905601066,2023-06-12
1274,31.7779456596844,5.995302253851062,2023-06-12
1280,26.04592805282037,50.57296779673708,2023-06-13
1281,38.65192330292175,54.28721625712432,2023-06-13
1282,38.85508857224507,54.23480557992441,2023-06-13
1283,38.68283552917327,54.31862845234168,2023-06-13
1284,38.33061182129671,54.02867420621105,2023-06-13
1285,37.92855154563889,53.91654046134104,2023-06-13
1307,36.47282840188445,61.45752439285921,2023-06-14
1308,36.43444929403751,61.4874007379985,2023-06-14
1309,36.42748100683167,61.47816598063539,2023-06-14
1310,36.49349463241782,61.6853134602487,2023-06-14
1311,36.550157976805686,61.56480792742413,2023-06-14
1312,40.0479352286485,61.04426268016726,2023-06-14
1314,29.14621088295944,21.454231929157547,2023-06-14
1333,31.777948142406853,5.995196782255236,2023-06-15
1339,30.361544730870232,49.880323363540285,2023-06-16
1340,27.721664661226512,9.879623974651285,2023-06-16
1351,28.606480312731897,7.514408753645196,2023-06-17
1352,31.7773373172461,5.994332670838045,2023-06-17
1357,38.493915794901774,54.19599197015186,2023-06-18
1358,37.92918445583884,53.9164517318406,2023-06-18
1359,38.64854668001584,54.28235187067124,2023-06-18
1360,37.71161577274863,53.937044708193845,2023-06-18
1361,38.557407373256176,54.20006632822578,2023-06-18
1362,38.85466270161002,54.22741284775695,2023-06-18
1364,40.04928787708641,61.04434123188962,2023-06-19
1365,36.47139248322555,61.73379227981335,2023-06-19
1366,36.47148290048828,61.46502893323767,2023-06-19
1367,39.97678192327461,61.68356843204133,2023-06-19
1417,31.7780432052182,5.994988745142995,2023-06-20
1435,25.13261957858718,47.36303439684685,2023-06-21
1443,39.9766931785346,61.68368724115744,2023-06-22
1444,40.049023677659775,61.04470045497456,2023-06-22
1450,31.77786300996081,5.994982932919113,2023-06-22
1453,38.85526532577876,54.23492880565559,2023-06-23
1454,38.49821531210176,54.20019447431605,2023-06-23
1455,38.55757478863898,54.20053268988049,2023-06-23
1456,38.64914771480725,54.28019665466486,2023-06-23
1465,40.04868524958249,61.04599957843333,2023-06-24
1466,36.471569612904304,61.45777256081638,2023-06-24
1471,27.720945111776157,9.87921244324311,2023-06-24
1489,31.77796055471154,5.994669424080934,2023-06-25
1506,27.720763935454997,9.87931242885657,2023-06-26
1512,40.04929183361799,61.04457556629889,2023-06-27
1519,38.64622032704005,54.28178613124339,2023-06-28
1520,37.907830914289896,53.898208736698834,2023-06-28
1542,40.04875749934542,61.04494250895488,2023-06-29
1543,36.47255804325155,61.45752975117568,2023-06-29
1545,28.07505586341807,9.807684903884695,2023-06-29
1546,28.08837530023172,9.783458253689396,2023-06-29
1547,28.09210623109818,9.762109949055324,2023-06-29
1548,27.720853556929004,9.879414586913152,2023-06-29
1550,32.4341258016536,-101.83073466206552,2023-06-29
1562,38.6616965913989,64.77471189569724,2023-07-01
1563,30.995984324411555,49.94996040127854,2023-07-01
1564,15.563830293023685,45.79907793706684,2023-07-01
1565,25.1321747428869,47.36262923017179,2023-07-01
1568,39.68135039450502,60.213836739716406,2023-07-02
1576,38.64862375953096,54.2828148969116,2023-07-03
1577,38.68073173059855,54.31657742350273,2023-07-03
1578,39.46141058525158,53.77579289901122,2023-07-03
1580,40.04885743137043,61.04552576804118,2023-07-04
1581,36.47327899957717,61.45751546217307,2023-07-04
1582,36.42160037615589,61.476496142259336,2023-07-04
1586,25.13253725281968,47.36253705737509,2023-07-06
1587,39.45883343458407,53.781849711183234,2023-07-06
1588,31.778033274468022,5.995410631960196,2023-07-07
1594,38.85490862848983,54.23479742018392,2023-07-08
1595,39.46151722384311,53.77509983676616,2023-07-08
1596,39.50741239167749,53.58992321563033,2023-07-08
1597,38.493782020065424,54.197590892567696,2023-07-08
1598,38.64866887115832,54.28120868665496,2023-07-08
1599,38.68021799064889,54.31563427626365,2023-07-08
1604,36.4733691191114,61.457513676012034,2023-07-09
1605,36.42205667337043,61.47693338448504,2023-07-09
1609,31.77731994166488,5.995070967467819,2023-07-10
1617,30.995155323022114,49.94787477179351,2023-07-11
1618,39.46225663410876,53.77431569698542,2023-07-11
1619,30.17741185505049,50.41262931014118,2023-07-11
1620,25.132717717217908,47.3625405311143,2023-07-11
1622,19.56659920597421,-92.23873314586528,2023-07-11
1624,39.976783253095405,61.6836855127111,2023-07-12
1625,31.777762981683736,5.99540191242027,2023-07-12
1631,36.47372382602786,61.45706019280905,2023-07-14
1632,39.97624812370832,61.684164202342224,2023-07-14
1635,31.778398630444677,5.995211313997279,2023-07-15
1641,30.99515788229995,49.94818895056225,2023-07-16
1642,19.56632207894948,-92.23730445850104,2023-07-16
1646,31.77839118188567,5.995527730275263,2023-07-17
1648,39.46143831310607,53.7746318333902,2023-07-18
1654,36.47218746491019,61.45675581859185,2023-07-19
1664,25.133081808173788,47.362349236865015,2023-07-21
1666,19.566412442162576,-92.23730403348954,2023-07-21
1671,39.68100022632099,60.21347076250216,2023-07-22
1672,39.678527809534025,60.22466354754013,2023-07-22
1674,28.6377910246382,7.616162894347596,2023-07-22
1676,38.6804781195386,54.31599107206412,2023-07-23
1677,38.64859500616789,54.28063093201745,2023-07-23
1678,37.92846717011677,53.91630962158274,2023-07-23
1679,38.85517535391569,54.23469459403055,2023-07-23
1683,36.4734751007017,61.458739317056285,2023-07-24
1686,31.778133302844616,5.994991651274453,2023-07-25
1690,25.132358369485075,47.36243446334112,2023-07-26
1691,30.994796161045468,49.94808818523524,2023-07-26
1706,31.777860527421364,5.995088404438995,2023-07-27
1707,28.63697365703165,7.615662131959757,2023-07-27
1708,38.68129108261554,54.31591370103836,2023-07-28
1709,38.64996365055735,54.28322074244054,2023-07-28
1710,37.90801934318492,53.89787497176968,2023-07-28
1711,38.33071067827509,54.02833519285055,2023-07-28
1712,38.508371397591446,54.1977780308361,2023-07-28
1713,38.85534891685113,54.23516301780396,2023-07-28
1714,39.46125553980404,53.774740787097535,2023-07-28
1729,29.25290435757404,21.54753536057176,2023-07-29
1735,32.43467694179707,-101.83114058399173,2023-07-29
1738,31.77804072266141,5.995094216866813,2023-07-30
1740,25.132717717217908,47.3625405311143,2023-07-31
1767,31.777758015837676,5.995612855138984,2023-08-01
1769,37.92856282029406,53.91608589881695,2023-08-02
1770,38.49387200079911,54.197594873864695,2023-08-02
1771,39.46216663357061,53.77431212096637,2023-08-02
1772,39.50724272496126,53.58945172616077,2023-08-02
1773,38.85534253560964,54.23539314980082,2023-08-02
1774,37.90845541796058,53.89846069694045,2023-08-02
1784,28.087834882320127,9.78325076346986,2023-08-03
1785,28.07496859385164,9.807175396328498,2023-08-03
1790,31.77768033217527,5.994977120747278,2023-08-04
1793,30.994882111842465,49.94756356524999,2023-08-05
1794,25.132711392178734,47.362937013506965,2023-08-05
1799,19.56604978050392,-92.23701974205984,2023-08-05
1800,32.434679616381025,-101.8312467958326,2023-08-05
1802,39.976601774159946,61.68357188923349,2023-08-06
1804,31.77821843523409,5.995205501261425,2023-08-06
1806,39.46171385891102,53.77441034824155,2023-08-07
1807,38.85085989214517,54.23461384530266,2023-08-07
1808,38.33079476992297,54.02856745034845,2023-08-07
1809,38.64704939468176,54.28113474616268,2023-08-07
1810,38.67303037113995,54.314957586268704,2023-08-07
1829,30.207828419805512,47.38510503045875,2023-08-08
1853,15.563742261221812,45.798424792474485,2023-08-10
1864,39.46145217269258,53.77405129997829,2023-08-12
1865,37.92856282029406,53.91608589881695,2023-08-12
1866,38.494141942989785,54.19760681786227,2023-08-12
1867,38.64846315414287,54.28211830333579,2023-08-12
1868,38.68093772891542,54.31566752248214,2023-08-12
1869,36.47255227229087,61.45708341940866,2023-08-13
1870,36.550422965554674,61.56435612667055,2023-08-13
1871,29.253357303576685,21.5471260967088,2023-08-13
1886,31.77824077604758,5.994256253560321,2023-08-14
1890,39.46150890528667,53.77544815687598,2023-08-15
1897,19.566502805374764,-92.2373036084757,2023-08-15
1902,39.976877316420456,61.68403502677385,2023-08-16
1904,31.77761257403253,5.994130444500686,2023-08-16
1922,38.68048137730882,54.3158762958801,2023-08-17
1923,39.507561326525696,53.59132431440885,2023-08-17
1924,37.9286528333794,53.91608945708437,2023-08-17
1925,38.64885847692953,54.28087271339408,2023-08-17
1926,38.650886145015335,54.27924208868374,2023-08-17
1927,38.64845348658521,54.2824624902523,2023-08-17
1928,37.90836540315568,53.89845716273239,2023-08-17
1929,38.85539475856368,54.24000394734116,2023-08-17
1930,39.46143831310607,53.7746318333902,2023-08-17
1941,36.47319320726614,61.457851999945525,2023-08-18
1942,39.97715152786735,61.68438108671708,2023-08-18
1943,36.40320275534981,61.35363522814228,2023-08-18
1945,43.349289125985536,52.49557632825197,2023-08-18
1949,29.2531683601822,21.549183467080717,2023-08-18
1950,28.63815197704573,7.61615815733863,2023-08-18
1961,31.777855562080976,5.995299347439721,2023-08-19
1967,30.176960660481875,50.41263198635958,2023-08-20
1968,25.1326274850194,47.36253879424051,2023-08-20
1969,19.56605501536836,-92.2382590385463,2023-08-20
1974,39.976783253095405,61.6836855127111,2023-08-21
1976,31.778050652365504,5.994672329893473,2023-08-21
1977,28.637427982556623,7.615963062242686,2023-08-21
1978,38.85534572628696,54.23527808381152,2023-08-22
1979,38.5560127279382,54.20493783722958,2023-08-22
1980,39.4613316773086,53.775324895737874,2023-08-22
1981,38.68083473061547,54.316122473704496,2023-08-22
1982,38.64879725468183,54.28305257577947,2023-08-22
1987,36.40256579372678,61.35320263016363,2023-08-23
1988,36.42756828424731,61.477941182091485,2023-08-23
1989,36.47318022277662,61.45684774530175,2023-08-23
1990,36.61464764877778,61.67710925065263,2023-08-23
1991,39.97669849661872,61.68415556329978,2023-08-23
1992,28.63724750635097,7.615965431020831,2023-08-23
2036,31.777712598163053,5.99371146394119,2023-08-24
2052,38.66178492324296,64.77482900345431,2023-08-25
2055,15.567273560244734,45.79685300543684,2023-08-25
2056,39.46205999942035,53.77500519108301,2023-08-25
2066,31.7781457143643,5.994464291950351,2023-08-26
2067,28.637520310319445,7.616166447047181,2023-08-26
2072,38.85526532577876,54.23492880565559,2023-08-27
2073,38.64923124451687,54.2804302223233,2023-08-27
2074,38.64845348658521,54.2824624902523,2023-08-27
2075,39.46198108843312,53.77453718411534,2023-08-27
2076,38.6808282144296,54.316352027125454,2023-08-27
2077,38.55865980163307,54.203678685986986,2023-08-27
2079,36.473546472799946,61.45728693492688,2023-08-28
2080,39.97650371826901,61.68287113672801,2023-08-28
2089,28.97505487682393,47.95454763861144,2023-08-28
2091,31.77804568768781,5.994883273406165,2023-08-29
2092,28.975320787846865,47.95476034383343,2023-08-30
2093,39.461789997949545,53.77499446048474,2023-08-30
2095,19.601060385498837,-92.29092024042473,2023-08-30
2096,19.566142560874265,-92.23759130015895,2023-08-30
2099,7.592829784499053,102.98826744336364,2023-08-31
2101,39.97696207238339,61.68356497481805,2023-08-31
2102,28.63496540926857,7.613437986946842,2023-08-31
2110,38.85489905762898,54.23514261614833,2023-09-01
2111,38.67954260516676,54.31721203215395,2023-09-01
2112,37.71696384978971,53.92852218279267,2023-09-01
2113,38.648784360622045,54.28351149333237,2023-09-01
2124,36.40302098607236,61.35352755341422,2023-09-02
2125,39.97636874018228,61.686855315147234,2023-09-02
2126,36.47354214395446,61.45695218187754,2023-09-02
2129,28.90887544164568,20.98184340454444,2023-09-02
2138,38.66170007829973,64.77448212799317,2023-09-04
2140,28.97497149809259,47.95423755226928,2023-09-04
2141,39.46160722433123,53.77510341371729,2023-09-04
2142,25.132716136057432,47.36263965172504,2023-09-04
2143,19.56587026287029,-92.23730658352304,2023-09-04
2152,31.778301084307174,5.995524823594917,2023-09-05
2159,38.68047486165595,54.31610584822957,2023-09-06
2160,38.64817712867019,54.28267961880965,2023-09-06
2161,39.46160445158602,53.775219520585786,2023-09-06
2162,38.854802704660095,54.23536866613467,2023-09-06
2163,38.330620680537926,54.02833144405426,2023-09-06
2165,36.473002869910815,61.45707448625988,2023-09-07
2166,28.97506614454276,47.95403509916332,2023-09-07
2167,29.25407088127505,21.54918828787419,2023-09-07
2168,28.637698696855765,7.615959509034652,2023-09-07
2173,38.66250727056772,64.7747319100407,2023-09-09
2175,39.46187445301391,53.77523025198296,2023-09-09
2176,28.97390784750137,47.95338674635809,2023-09-09
2187,39.97687332765474,61.68368378425699,2023-09-10
2188,39.66147468258621,60.21920827283815,2023-09-10
2191,31.777860527421364,5.995088404438995,2023-09-10
2194,38.49395572342336,54.197827841423845,2023-09-11
2195,38.85534253560964,54.23539314980082,2023-09-11
2196,38.679867893216326,54.31527332783252,2023-09-11
2197,38.647920106842456,54.28220837733308,2023-09-11
2202,36.43357661284077,61.80825962539336,2023-09-12
2203,36.47281830150924,61.45674330963955,2023-09-12
2204,40.212332533882,63.46912340138048,2023-09-12
2207,28.637698696855765,7.615959509034652,2023-09-12
2217,31.77795062504214,5.995091310646398,2023-09-13
2219,38.73507339669928,64.61753379164723,2023-09-14
2220,38.66205166200274,64.77506544406837,2023-09-14
2221,15.569696112855471,45.82633257377863,2023-09-14
2231,37.9285571831856,53.91631318011069,2023-09-16
2232,39.461789997949545,53.77499446048474,2023-09-16
2233,38.64997033511575,54.27977468983509,2023-09-16
2234,37.7170792148952,53.927505888502886,2023-09-16
2235,38.85526213545104,54.23504387155509,2023-09-16
2240,36.47372382602786,61.45706019280905,2023-09-17
2241,36.63585865061968,61.64744202585904,2023-09-17
2242,28.909055850339374,20.981022734648736,2023-09-17
2249,33.61349877574568,42.58856567528134,2023-09-18
2251,31.77787293924682,5.994561046709481,2023-09-18
2259,38.66224576076537,64.77415081485555,2023-09-19
2260,38.73507976263046,64.61707374896943,2023-09-19
2261,19.56659316858604,-92.23730318345947,2023-09-19
2263,39.688806793765735,60.24367985541343,2023-09-20
2264,39.66129476101699,60.21919991615359,2023-09-20
2265,39.97678990042608,61.68427091617663,2023-09-20
2267,29.633412120543028,32.300423572542016,2023-09-20
2272,38.533476738164886,65.91983025170687,2023-09-21
2273,38.47544024694538,65.95633815448919,2023-09-21
2274,38.53929313373197,65.93222486981222,2023-09-21
2275,38.53403820602519,65.91537958213782,2023-09-21
2276,38.531884209289686,65.93307085693884,2023-09-21
2282,38.8554388886903,54.23516709818979,2023-09-21
2283,38.64872339894639,54.282474818854645,2023-09-21
2284,39.46168058655719,53.775803632549945,2023-09-21
2285,38.68056482889848,54.31611000457046,2023-09-21
2286,37.76516994233632,53.92486211524707,2023-09-21
2290,36.45200367295407,61.58848909122424,2023-09-22
2291,36.47462213472152,61.45681915350709,2023-09-22
2293,32.26324034251699,-101.9834403236939,2023-09-22
2294,32.43431932225986,-101.83125941064776,2023-09-22
2301,38.66233060663078,64.77449769262236,2023-09-24
2303,30.99541572931431,49.946615082234246,2023-09-24
2304,39.46187999844149,53.7749980373348,2023-09-24
2316,32.36422153637541,-101.32752944778194,2023-09-24
2324,40.04911372234344,61.044697881168254,2023-09-25
2325,39.97633686896648,61.68404539461656,2023-09-25
2327,31.77831598058855,5.994891991533662,2023-09-25
2343,38.64903519754642,54.2809956586368,2023-09-26
2344,38.855249373008846,54.235504134970775,2023-09-26
2345,39.46151722384311,53.77509983676616,2023-09-26
2346,38.68038163642704,54.31621646791091,2023-09-26
2360,40.04911767813954,61.04493221503106,2023-09-27
2361,39.97651036967408,61.6834565376168,2023-09-27
2362,37.89712877259597,63.2465880932258,2023-09-27
2369,32.43449679475808,-101.831146891638,2023-09-27
2375,33.61449844066685,42.58896887828471,2023-09-28
2377,31.77777787712985,5.99476908395183,2023-09-28
2381,38.734804743312175,64.61741268488161,2023-09-29
2396,39.46301672379796,53.7764378480456,2023-09-29
2408,40.04902565561075,61.04481762174618,2023-09-30
2409,39.97651169960044,61.6835736178179,2023-09-30
2412,31.77803824001745,5.99519968857762,2023-09-30
2416,38.68110137424858,54.31624972015498,2023-10-01
2417,38.55828732688491,54.20412107127778,2023-10-01
2418,38.33061477448823,54.02855995217551,2023-10-01
2419,39.3589329449358,53.8003928657219,2023-10-01
2420,37.92892287262542,53.91610013198175,2023-10-01
2421,38.648810146944896,54.28259365793296,2023-10-01
2422,38.85491819833244,54.2344522240554,2023-10-01
2427,36.47318743742473,61.45740566446893,2023-10-02
2428,40.04857740993911,61.04494765584728,2023-10-02
2429,38.57673130665764,62.783136130352055,2023-10-02
2430,37.89730831678449,63.24692991219205,2023-10-02
2431,39.97732503015734,61.68379222346904,2023-10-02
2459,31.777249701422548,5.9942242945383,2023-10-03
2467,38.73462617145896,64.61729361091062,2023-10-04
2474,7.592561517493119,102.98890291059122,2023-10-05
2476,31.777682814697357,5.994977120747278,2023-10-05
2483,39.50714753165107,53.58968078353141,2023-10-06
2484,38.6812011153663,54.31590954483544,2023-10-06
2485,38.85553524135741,54.234941045946016,2023-10-06
2499,40.04910185211355,61.04399487985791,2023-10-07
2500,36.47291419330517,61.457187856351695,2023-10-07
2509,29.01961486420782,47.59190907377962,2023-10-07
2510,30.35112890442187,46.84030527132989,2023-10-07
2520,36.30867944051114,43.08955430868815,2023-10-08
2523,31.77803575728633,5.9953051602754135,2023-10-08
2554,32.43431397307647,-101.8310469878223,2023-10-09
2555,32.36330838539274,-101.32814356107316,2023-10-09
2567,31.7780432052182,5.994988745142995,2023-10-10
2575,38.47478093933761,65.95390445893366,2023-10-11
2576,38.55874664146668,54.20379727927201,2023-10-11
2577,38.854886294897256,54.23560287717893,2023-10-11
2578,38.33116066693547,54.028353937082805,2023-10-11
2586,36.55087088882791,61.56412438914753,2023-10-12
2587,29.049626228091498,47.584035783444726,2023-10-12
2595,33.614140082147685,42.58908662611067,2023-10-13
2598,38.73470988639394,64.6177556830713,2023-10-14
2599,39.46189385998472,53.77441750043373,2023-10-14
2609,40.04939572246552,61.045393164179096,2023-10-15
2616,28.637881262741946,7.616161710103517,2023-10-15
2621,38.64845026384141,54.28257721918777,2023-10-16
2622,37.92916689363855,53.92441374069118,2023-10-16
2623,38.55897889754063,54.20518441975496,2023-10-16
2624,39.46399036945211,53.788447319484334,2023-10-16
2625,38.8551625919668,54.23538498850583,2023-10-16
2626,39.35895806726776,53.79934945710326,2023-10-16
2627,38.33071363114275,54.02822093862393,2023-10-16
2628,39.46160722433123,53.77510341371729,2023-10-16
2634,30.352112727069255,46.834498228760495,2023-10-17
2635,29.1445849005111,21.454636022328856,2023-10-17
2636,32.43449679475808,-101.831146891638,2023-10-17
2638,33.61500779403526,42.59197211246969,2023-10-18
2639,33.61377542211774,42.58888125762144,2023-10-18
2643,31.77760016408058,5.994657800960876,2023-10-18
2654,15.563108116478595,45.79879537653703,2023-10-19
2655,15.585722734502909,46.03400430655183,2023-10-19
2656,39.335669566771045,54.02080134242215,2023-10-19
2658,19.566683128899093,-92.23720742757962,2023-10-19
2668,40.04885545414239,61.04540860150804,2023-10-20
2680,39.46151999646374,53.77498373003082,2023-10-21
2681,38.64853701175352,54.28269605790668,2023-10-21
2682,38.55865666227741,54.20379328099554,2023-10-21
2683,38.33105885647345,54.02880720719673,2023-10-21
2690,36.47291707882326,61.457411023267866,2023-10-22
2691,38.56411858622856,62.78535492371466,2023-10-22
2692,36.57337493839916,61.48156597786726,2023-10-22
2693,40.04885347679596,61.04529143498648,2023-10-22
2718,33.61395775216826,42.58898394165904,2023-10-23
2720,31.77786300996081,5.994982932919113,2023-10-23
2725,37.89721747075989,63.24727082827179,2023-10-24
2735,39.46197554391394,53.77476939919019,2023-10-24
2738,19.56650079040485,-92.23682695472392,2023-10-24
2749,31.77795310759025,5.994985839024547,2023-10-25
2762,38.55802680790398,54.20376529356,2023-10-26
2763,38.64817390573273,54.282794347279406,2023-10-26
2764,38.33088181441784,54.02868545391827,2023-10-26
2765,38.49387200079911,54.197594873864695,2023-10-26
2766,37.769161536271135,53.91650647356758,2023-10-26
2767,37.71672478527863,53.92726507786772,2023-10-26
2774,37.95759331012474,63.5046208082904,2023-10-27
2775,40.04902565561075,61.04481762174618,2023-10-27
2776,36.4732818845073,61.45773863016954,2023-10-27
2777,27.74407347993112,9.91795298328048,2023-10-27
2778,27.640040549794666,9.86832698214831,2023-10-27
2785,31.77612060768728,5.992393542106112,2023-10-28
2795,38.73462298831812,64.61752363078796,2023-10-29
2797,39.3769081052589,53.83558582826432,2023-10-29
2798,39.335222662315545,54.02066609035334,2023-10-29
2799,39.46207108895698,53.77454076040071,2023-10-29
2800,39.360136361312605,53.76516232686676,2023-10-29
2801,39.35886248513172,53.79957773045618,2023-10-29
2817,38.493782020065424,54.197594873864695,2023-10-31
2818,38.50811783300731,54.19386856390321,2023-10-31
2819,39.461789997949545,53.77499446048474,2023-10-31
2820,38.55774533862093,54.20088445972971,2023-10-31
2824,40.04876343207631,61.04529400798809,2023-11-01
2825,36.474090075333365,61.45749938643802,2023-11-01
2826,36.550422965554674,61.56435612667055,2023-11-01
2827,29.14531007560024,21.45371390764228,2023-11-01
2828,27.743893623777065,9.917850015666843,2023-11-01
2829,32.13389236369367,-103.98261231867944,2023-11-01
2832,31.777865492413063,5.9948774613862215,2023-11-02
2835,38.73045215849825,64.61938521617131,2023-11-03
2839,32.36385509944457,-101.32783881694554,2023-11-03
2845,40.04875749934542,61.04494250895488,2023-11-04
2846,39.976601774159946,61.68357188923349,2023-11-04
2848,31.7780432052182,5.994988745142995,2023-11-04
2849,31.75566743417289,6.163314641377109,2023-11-04
2853,38.55904581779012,54.19945063677748,2023-11-05
2854,39.46143831310607,53.7746318333902,2023-11-05
2855,39.35850806614776,53.79933148203951,2023-11-05
2856,40.052603695769406,61.0433085922007,2023-11-06
2860,31.777809463852936,5.995096969753833,2023-11-07
2868,39.68816406238712,60.24411609765772,2023-11-09
2869,39.67514679962077,60.19711303354087,2023-11-09
2870,40.04857740993911,61.04494765584728,2023-11-09
2872,31.75592720330196,6.163745560936466,2023-11-09
2873,30.201362063864337,6.681826525469256,2023-11-09
2874,31.7779456596844,5.995302253851062,2023-11-09
2878,38.649491494547945,54.280786736104574,2023-11-10
2879,38.49423192371654,54.197610799230326,2023-11-10
2880,38.36011915250325,54.03036204828671,2023-11-10
2884,29.0197010705994,47.592116493494494,2023-11-11
2885,28.637609503630703,7.616062978128379,2023-11-11
2893,31.77795310759025,5.994985839024547,2023-11-12
2899,39.46160999696068,53.77498730683276,2023-11-13
2905,40.04920772283421,61.04492964152116,2023-11-14
2906,31.777585269261596,5.995290628283777,2023-11-14
2910,38.648895606318064,54.28228516987094,2023-11-15
2911,37.92935478251852,53.924062246867145,2023-11-15
2914,28.074335555742707,9.807374204780968,2023-11-16
2919,31.77752495804785,5.994022068033936,2023-11-17
2923,40.04929578967596,61.04480990075449,2023-11-19
2924,39.976605763242375,61.683923130344354,2023-11-19
2925,31.77786300996081,5.994982932919113,2023-11-19
2930,38.648357070215376,54.282687838321465,2023-11-20
2931,38.5581722265563,54.20503382596433,2023-11-20
2932,38.33088181441784,54.02868545391827,2023-11-20
2942,28.975775993345422,47.954568142827725,2023-11-21
2943,32.280957566764684,-101.78099953741498,2023-11-21
2944,32.43439602211765,-101.83072519948055,2023-11-21
2945,31.349296064693856,-103.6593821989996,2023-11-21
2950,31.77768033217527,5.995082592063223,2023-11-22
2952,32.434947162343825,-101.83113112241676,2023-11-23
2953,31.85809071834733,-101.7651613779296,2023-11-23
2957,22.873643308449186,55.614789539646914,2023-11-24
2965,38.64853701175352,54.28269605790668,2023-11-25
2966,39.36013644236539,53.79904838520286,2023-11-25
2967,38.68074802129213,54.31600354071283,2023-11-25
2968,39.50696750472694,53.58967409650401,2023-11-25
2969,38.48721192660975,54.15420259346894,2023-11-25
2977,32.43440672123624,-101.83115004544004,2023-11-26
2982,31.77777787712985,5.99476908395183,2023-11-27
2992,31.794430292212848,-102.06201904907064,2023-11-28
2993,32.561533850258165,-101.27340524570906,2023-11-28
3007,28.618496645989755,7.709593910043268,2023-11-29
3012,38.36135841069167,54.03121473853116,2023-11-30
3013,38.4944056269569,54.19784774968378,2023-11-30
3027,36.54997638655362,61.56469956102835,2023-12-01
3052,33.61454672852619,42.591446118632575,2023-12-02
3075,31.77813082027916,5.995097123100241,2023-12-02
3079,43.34657900460617,52.496250056667314,2023-12-03
3080,39.46169999745596,53.77499088365073,2023-12-03
3081,39.46435036715648,53.788461697411066,2023-12-03
3084,39.68779120400732,60.244564977515175,2023-12-04
3085,40.04921761028374,61.04551547715084,2023-12-04
3086,39.66100873009878,60.21976934363003,2023-12-04
3087,39.97634218556451,61.68451371439417,2023-12-04
3088,40.00528330775696,61.75155685289192,2023-12-04
3098,39.361705857934034,53.7597698559839,2023-12-05
3099,38.50631123488159,54.19734287468206,2023-12-05
3100,39.46587872083533,53.76597525459088,2023-12-05
3101,38.68056482889848,54.31611000457046,2023-12-05
3102,39.35930895488315,53.79599812610984,2023-12-05
3103,38.64922158176514,54.28077441349747,2023-12-05
3104,38.49360518743905,54.197468437446005,2023-12-05
3105,38.55721800669919,54.20040212074369,2023-12-05
3106,39.46820066231711,53.778154978028375,2023-12-05
3107,38.36063251894053,54.03141328902248,2023-12-05
3121,36.50341837920216,61.66169728140999,2023-12-06
3124,28.09611754944144,9.787077165894209,2023-12-06
3128,32.05794661066233,-103.53284567292066,2023-12-06
3131,31.777938210994005,5.995618668560461,2023-12-07
3137,39.464634735930304,53.645286057361766,2023-12-08
3138,39.46154217326172,53.7740548755707,2023-12-08
3139,39.36049085854319,53.76540841283665,2023-12-08
3140,30.996225119170237,49.94629197521994,2023-12-08
3141,32.44643606284974,-101.51202862885712,2023-12-08
3142,32.26463866764924,-101.9815901149866,2023-12-08
3146,22.873552999066817,55.6147904556912,2023-12-09
3149,31.777770429799077,5.9950854982446025,2023-12-09
3150,28.618677129606976,7.709591703198695,2023-12-09
3154,38.64834740100427,54.28303202453372,2023-12-10
3157,32.43512463464765,-101.83101860227652,2023-12-11
3161,31.7782209178954,5.99510002934668,2023-12-12
3165,31.77795062504214,5.995091310646398,2023-12-14
3169,39.976417634918384,61.68322410627544,2023-12-16
3170,32.057771138845794,-103.53327215933663,2023-12-16
3178,31.77806979064692,5.994666339425504,2023-12-17
3187,39.661021649172525,60.219303773777405,2023-12-19
3190,39.46244499320244,53.62265621057545,2023-12-20
3191,38.36008662096485,54.03161934960318,2023-12-20
3192,39.46192562240542,53.776859331976425,2023-12-20
3193,38.55873722269779,54.20414106461785,2023-12-20
3194,39.35894132008439,53.80004506299406,2023-12-20
3203,39.97678990042608,61.68427091617663,2023-12-21
3204,40.04893956645347,61.04505452865693,2023-12-21
3205,40.2100851685711,63.48967242348766,2023-12-21
3210,28.637786844959077,7.615753754916349,2023-12-21
3216,31.77859620269051,5.994478820253538,2023-12-22
3220,38.66317264922196,64.77244975247187,2023-12-23
3224,40.048849521747904,61.0450571019781,2023-12-24
3226,31.77813082027916,5.995097123100241,2023-12-24
3245,36.48111371602808,61.63439762980504,2023-12-26
3260,28.6380586042671,7.615852486230254,2023-12-26
3262,32.28807614085856,-101.74922707204686,2023-12-26
3263,31.66853224238635,-103.85037884400994,2023-12-26
3267,15.56383401190118,45.79805211490763,2023-12-28
3268,31.571070793857967,-101.81703448194712,2023-12-28
3269,32.445101157896,-101.5111408264549,2023-12-28
3270,32.51510131022771,-101.52340983177704,2023-12-28
3272,40.04893165491145,61.044585862163245,2023-12-29
3274,31.77786300996081,5.994982932919113,2023-12-29
3284,38.64939185979789,54.281126820417725,2023-12-30
3285,38.55808329790956,54.201702598620265,2023-12-30
3286,39.35894969419504,53.79969726012117,2023-12-30
3287,39.461843944885736,53.77650743140085,2023-12-30
3303,39.97678192327461,61.68356843204133,2023-12-31
3304,36.47112919562406,61.7344662432398,2023-12-31
3305,40.04895538385425,61.04599186220028,2023-12-31
3306,36.47093300608015,61.457338738322,2023-12-31
3307,28.432381128852874,7.513682529939366,2023-12-31
3308,28.641686927282716,7.617646297000144,2023-12-31
3309,31.732995364846666,-103.86605019938553,2023-12-31
3310,32.036543529464815,-103.91591160670446,2023-12-31
3311,31.668358483397515,-103.85111936261808,2023-12-31
3317,39.46182452332982,53.77732018092857,2024-01-02
3318,39.46231303827846,53.62451079142283,2024-01-02
3319,39.38342412586228,53.8380553259591,2024-01-02
3321,40.04930567774886,61.04539573709621,2024-01-03
3322,39.9759925145518,61.68545725868809,2024-01-03
3327,31.77796551902322,5.994458480720139,2024-01-03
3328,28.637342967991337,7.616475668804994,2024-01-03
3335,38.68066131183378,54.31588460800759,2024-01-04
3336,37.7689955480939,53.91593241672189,2024-01-04
3337,38.3307918167125,54.02868170466581,2024-01-04
3338,38.64824453645119,54.28348682846035,2024-01-04
3339,38.506934839354095,54.19759978185749,2024-01-04
3340,37.92943975735156,53.9243108050625,2024-01-04
3343,28.63706703014033,7.615967799777203,2024-01-05
3349,31.778313498092917,5.994997463576402,2024-01-06
3351,30.989915904703576,49.94709444564208,2024-01-07
3352,39.46148949127028,53.7762609032374,2024-01-07
3353,15.563741923183567,45.79851804899597,2024-01-07
3354,39.35922248593325,53.799592111920056,2024-01-07
3356,27.72094962056657,9.878502405373556,2024-01-07
3357,27.743805378331004,9.91754489682994,2024-01-07
3359,22.873914236589943,55.61478679148625,2024-01-08
3362,28.432114876976627,7.514094640692749,2024-01-08
3363,31.77795062504214,5.995091310646398,2024-01-08
3366,38.64853378877483,54.28281078694845,2024-01-09
3367,38.55837730605095,54.2041250699101,2024-01-09
3368,38.68100814885709,54.31636034054714,2024-01-09
3369,38.36037140086395,54.03105911766461,2024-01-09
3370,37.76973252058417,53.91528033578745,2024-01-09
3372,29.144852522840303,21.455562503273708,2024-01-10
3382,31.78060068822644,5.993593476268294,2024-01-11
3384,39.46138463540829,53.77655871307677,2024-01-12
3390,31.778143232234715,5.99456976384119,2024-01-13
3414,36.55024809957476,61.56480626081599,2024-01-15
3417,28.432020181744427,7.513687574353876,2024-01-15
3434,33.613865536867046,42.58887874699741,2024-01-16
3435,31.77750758417583,5.994760366364429,2024-01-16
3442,15.58624928440104,46.0373643965406,2024-01-17
3443,32.24159607966584,-101.90130502084816,2024-01-17
3444,32.39809814924664,-101.63578722893222,2024-01-17
3445,32.2819596737215,-101.55227762930612,2024-01-17
3446,32.36303993229102,-101.32803042423224,2024-01-17
3447,32.44608404818787,-101.51159347858588,2024-01-17
3448,32.32487854451407,-101.45715588941876,2024-01-17
3449,32.14351252811706,-101.65863831146272,2024-01-17
3450,32.514918929279894,-101.5235111582585,2024-01-17
3451,32.33679568672362,-101.66512761945198,2024-01-17
3452,32.434499469323576,-101.83125310326834,2024-01-17
3457,39.65790806858348,60.221140301269415,2024-01-18
3458,39.973977638808925,61.68256833220484,2024-01-18
3459,31.777865492413063,5.9948774613862215,2024-01-18
3466,38.64862698251996,54.2827001677268,2024-01-19
3467,39.46219839787031,53.77675396214386,2024-01-19
3468,39.35950365013503,53.79913915717129,2024-01-19
3469,38.558473564446174,54.20389987920204,2024-01-19
3480,36.55116008155545,61.56568320479141,2024-01-20
3481,32.43457884401801,-101.83082510269954,2024-01-20
3482,31.847290762826454,-101.97457053109989,2024-01-20
3518,31.77795062504214,5.995091310646398,2024-01-23
3519,28.63760323323268,7.615449270096389,2024-01-23
3522,38.48954679268796,66.0143444591175,2024-01-24
3526,32.26453843451054,-101.98116898643244,2024-01-25
3533,31.77804817007024,5.994777801656324,2024-01-26
3536,31.85816466983225,-101.7645249973913,2024-01-27
3537,32.264280848382576,-101.98170808132714,2024-01-27
3538,32.43459756604109,-101.83156858484875,2024-01-27
3539,32.32433155823608,-101.45745971899194,2024-01-27
3560,31.770634076937835,6.003298803582336,2024-01-28
3570,39.46324386782479,53.77447114391961,2024-01-29
3571,38.6494882733752,54.28090146688832,2024-01-29
3572,39.35921969476704,53.799708046688494,2024-01-29
3573,38.55939219180347,54.20325228678898,2024-01-29
3582,31.651642964321915,-103.312959350444,2024-01-30
3583,32.28052073636165,-101.78154559412768,2024-01-30
3604,39.46219284889949,53.776986177504206,2024-02-01
3605,39.46269406043818,53.62359533878844,2024-02-01
3619,32.434499469323576,-101.83125310326834,2024-02-01
3627,28.55611025221898,7.513378889790367,2024-02-02
3628,31.77804817007024,5.994777801656324,2024-02-02
3639,38.8533248608912,54.23668413186814,2024-02-03
3640,39.47068764953601,53.77209365093684,2024-02-03
3641,37.769271211126544,53.9157162369843,2024-02-03
3642,39.3685475261308,53.793929508834815,2024-02-03
3672,32.26417807953579,-101.9811809263817,2024-02-04
3673,31.689842858871376,-103.86267152170991,2024-02-04
3682,31.77778035939909,5.994663612494884,2024-02-05
3689,31.77838869885833,5.995633202341897,2024-02-07
3695,39.35985248727158,53.79961728010221,2024-02-08
3696,37.76840488892767,53.91795230216616,2024-02-08
3697,38.64922158176514,54.28077441349747,2024-02-08
3698,38.50648180684275,54.19769437917566,2024-02-08
3699,39.46257781726396,53.775955520468536,2024-02-08
3700,38.330620680537926,54.02833144405426,2024-02-08
3701,38.681474274881154,54.31580723572192,2024-02-08
3702,38.36045548268172,54.03129147515229,2024-02-08
3703,38.55856668308642,54.20378928273693,2024-02-08
3704,37.76954687381714,53.91550005568025,2024-02-08
3705,37.928742846463074,53.91609301536764,2024-02-08
3706,38.852492769996864,54.23745282314631,2024-02-08
3707,39.36049361561419,53.76529247258553,2024-02-08
3718,27.743442300268825,9.917846232460986,2024-02-09
3719,27.72076264642144,9.879515296448258,2024-02-09
3728,37.92076624230409,63.23517560688607,2024-02-11
3729,37.95875467214421,63.50701926576048,2024-02-11
3732,15.56356315297236,45.79795781283728,2024-02-11
3733,39.46183284754832,53.7769718597987,2024-02-11
3734,39.46213563725591,53.62438790311538,2024-02-11
3735,39.359680833334856,53.76537644825643,2024-02-11
3736,39.35893573676732,53.80027693149541,2024-02-11
3738,40.25070559625527,40.23906767001298,2024-02-11
3751,31.777860527421364,5.995088404438995,2024-02-12
3765,38.85294582093829,54.23735817571741,2024-02-13
3766,37.76813765287047,53.91782828745043,2024-02-13
3767,38.55819734771711,54.20411707266331,2024-02-13
3768,38.360650264091184,54.03072748327451,2024-02-13
3769,39.49678372745727,53.63790044246471,2024-02-13
3770,37.92898404225843,53.92452024420636,2024-02-13
3771,38.68110463231656,54.316134943005565,2024-02-13
3772,39.3588680670471,53.79934586205829,2024-02-13
3773,38.33080953430857,54.027996178510826,2024-02-13
3774,38.64901908969436,54.28156930861342,2024-02-13
3775,39.462291172542166,53.77664143345854,2024-02-13
3797,32.132726551218816,-103.98347338668638,2024-02-14
3798,32.264543506870034,-101.98138104298428,2024-02-14
3801,30.475562629578132,53.25257967285469,2024-02-15
3802,31.7775001369231,5.995076779739497,2024-02-15
3808,15.56383164589537,45.79870491085905,2024-02-16
3833,32.10683630697474,-103.7154093392598,2024-02-19
3834,32.2645409707347,-101.9812750147017,2024-02-19
3843,31.77786300996081,5.994982932919113,2024-02-20
3846,15.563742937179882,45.79823827942465,2024-02-21
3847,34.680613917962575,38.62283733197734,2024-02-21
3850,31.77796055471154,5.994669424080934,2024-02-22
3851,37.7168119847447,53.92738193795616,2024-02-23
3852,38.49404883325326,54.19771732978502,2024-02-23
3853,37.76945685824879,53.91549651843106,2024-02-23
3854,37.929254079456925,53.92453095006711,2024-02-23
3863,28.55829379737595,7.514983712505317,2024-02-24
3865,32.74306194888933,-103.87808661689272,2024-02-24
3866,32.13371536716489,-103.983038351432,2024-02-24
3876,15.563650171732563,45.79889072615304,2024-02-26
3877,39.36031636694457,53.76516942956079,2024-02-26
3878,39.358952485334605,53.79958132579798,2024-02-26
3879,39.463803885496006,53.62631017940488,2024-02-26
3911,38.50894523227357,54.16008164639458,2024-02-28
3912,38.68110463231656,54.316134943005565,2024-02-28
3913,39.35877248492716,53.79957413513049,2024-02-28
3914,38.64905749639809,54.28340909622644,2024-02-28
3915,38.50748411166942,54.197280137541846,2024-02-28
3916,38.85287181031695,54.23677878395434,2024-02-28
3917,38.55848298245284,54.203556095030855,2024-02-28
3918,38.55785727092252,54.200086295662686,2024-02-28
3925,28.046157482031663,53.20104589589639,2024-03-01
3927,31.777860527421364,5.995088404438995,2024-03-01
3929,39.46307329573633,53.62674758954164,2024-03-02
3930,15.563284176104329,45.80010166235795,2024-03-02
3931,39.359385737490165,53.800294912898565,2024-03-02
3932,39.46272175133366,53.77747208865268,2024-03-02
3933,34.681244820507445,38.62272530672017,2024-03-02
3940,31.777865492413063,5.9948774613862215,2024-03-03
3941,28.638755405757166,7.61338815191618,2024-03-03
3942,38.48711885586994,54.15431315421184,2024-03-04
3943,37.76918961935157,53.91537251038932,2024-03-04
3944,38.68092795578566,54.316011853238095,2024-03-04
3961,15.563561463393809,45.79842409507175,2024-03-07
3966,31.77768529713228,5.994871649418321,2024-03-08
3969,38.85079343452048,54.24025579301137,2024-03-09
3970,37.90863264732074,53.89858137718057,2024-03-09
3971,38.33079772302232,54.02845319601436,2024-03-09
3972,37.769279634933966,53.91537604745415,2024-03-09
3973,37.928368700616296,53.91664698406326,2024-03-09
3988,29.635372812171696,28.699797854728832,2024-03-11
3989,31.77803575728633,5.9953051602754135,2024-03-11
4003,15.55929474852152,45.80335019549556,2024-03-12
4004,39.35913806770406,53.799356647241545,2024-03-12
4005,39.46257781726396,53.775955520468536,2024-03-12
4006,32.59742721420301,39.04454496795226,2024-03-12
4007,35.370682501013825,38.61393002796918,2024-03-12
4009,31.77813082027916,5.995097123100241,2024-03-13
4015,37.92865001487089,53.91620309787736,2024-03-14
4016,38.68102118086252,54.31590123248525,2024-03-14
4017,38.55705372614412,54.19982116883233,2024-03-14
4024,33.61386763741331,42.58898645218234,2024-03-16
4025,31.782357957162592,5.995550160528117,2024-03-16
4028,39.461936719315126,53.776394902917616,2024-03-17
4029,39.3604118833058,53.76494110064675,2024-03-17
4030,39.35968085983749,53.79926228248421,2024-03-17
4031,15.56365118619635,45.798610956731245,2024-03-17
4033,35.37041200050621,38.61393131611906,2024-03-17
4037,31.777855562080976,5.995299347439721,2024-03-18
4046,31.777767947181133,5.995190969649504,2024-03-21
4052,15.56147348767504,45.80084071794821,2024-03-22
4053,39.35841527506313,53.79944382054003,2024-03-22
4054,35.371040351485505,38.61304764010546,2024-03-22
4062,31.77821843523409,5.995205501261425,2024-03-23
4069,38.85314810920622,54.23656090560523,2024-03-24
4070,38.49390373550914,54.19721106749282,2024-03-24
4071,38.68057581079836,54.31591370442676,2024-03-24
4072,39.35914364921143,53.79912477788872,2024-03-24
4073,38.64940100728229,54.28077248303695,2024-03-24
4081,31.84738588196,-101.97477868275752,2024-03-25
4095,7.592823068835148,102.98681783029356,2024-03-28
4096,31.777860527421364,5.995088404438995,2024-03-28
4106,38.33116361985047,54.02823968215164,2024-03-29
4107,38.493881387092834,54.19725139479073,2024-03-29
4108,38.50777595764925,54.19649048067655,2024-03-29
4109,38.557004497372056,54.19832746839732,2024-03-29
4110,38.68246186752017,54.31274975202158,2024-03-29
4111,38.65188239887473,54.27584110095628,2024-03-29
4112,39.35933760151557,53.79855229234965,2024-03-29
4113,38.8647155529388,54.235242232385495,2024-03-29
4120,31.77804072266141,5.995094216866813,2024-03-31
4126,38.66296287824781,64.77439837185882,2024-04-01
4127,38.7344523729596,64.61682950849887,2024-04-01
4128,39.4706710261836,53.77279038423021,2024-04-01
4129,39.36106155624411,53.79804089309857,2024-04-01
4131,34.68115633147243,38.62327153035202,2024-04-01
4132,35.37167187165181,38.61315471208447,2024-04-01
4143,39.68900298803048,60.24310610035558,2024-04-02
4144,40.04886533909854,61.04599443428955,2024-04-02
4145,39.66217498938206,60.21994006683929,2024-04-02
4146,31.77795807242497,5.994774895741815,2024-04-02
4150,37.92934974493885,53.92430723667094,2024-04-03
4151,37.76821642712271,53.91828540594811,2024-04-03
4152,38.852971357360346,54.23643767997503,2024-04-03
4153,37.7692768271071,53.91548944397995,2024-04-03
4154,38.55682986052231,54.20141747756315,2024-04-03
4155,38.508309159125446,54.1602831295026,2024-04-03
4156,37.9286471962528,53.916316738654494,2024-04-03
4157,38.682662116111295,54.31839057396688,2024-04-03
4158,37.90826418685764,53.89890807334365,2024-04-03
4159,38.50610310360667,54.19836552038559,2024-04-03
4160,38.64903197620059,54.2811103886688,2024-04-03
4164,38.30064462485703,-96.13023676534876,2024-04-03
4167,36.47327755695567,61.45740387818674,2024-04-04
4174,32.23536429610761,-103.91589196899898,2024-04-04
4188,38.73471306999731,64.61752566294163,2024-04-06
4189,38.66278447054887,64.77427903931846,2024-04-06
4190,39.46211394600751,53.77651816786563,2024-04-06
4191,39.35884573661774,53.80027333526313,2024-04-06
4192,39.37735243454693,53.83583597015882,2024-04-06
4193,15.562552844822878,45.802337009224985,2024-04-06
4194,39.452519519845495,53.70199947977069,2024-04-06
4196,34.68133736044685,38.62348903984324,2024-04-06
4202,7.592461044643166,102.9867289127846,2024-04-07
4207,31.777758015837676,5.995612855138984,2024-04-07
4213,38.853594776091,54.23669637794573,2024-04-08
4214,39.377540913178485,53.83549537431448,2024-04-08
4222,46.73651494882506,39.73928262895407,2024-04-09
4224,28.04597544088224,53.201143895081536,2024-04-10
4228,15.564012443706522,45.798705608519775,2024-04-11
4229,15.585996104035775,46.03353936134412,2024-04-11
4241,10.079802511135076,-64.88397698508646,2024-04-13
4275,38.66224576076537,64.77415081485555,2024-04-16
4276,38.73454086361589,64.61694654960357,2024-04-16
4285,39.461511678254574,53.77533205018875,2024-04-16
4286,39.47353904334363,53.52856937448521,2024-04-16
4290,7.592823908557251,102.98699903185516,2024-04-17
4291,40.04866943233213,61.0450622485857,2024-04-17
4292,31.77850362286402,5.9945813868656055,2024-04-17
4297,39.46230504240882,53.77606089395064,2024-04-18
4298,38.68057460224043,54.31576567558879,2024-04-18
4299,38.55748794522427,54.20041410232709,2024-04-18
4300,38.33089953207076,54.02799992691783,2024-04-18
4319,28.04597870111928,53.20094054720224,2024-04-20
4329,39.35877248492716,53.79957413513049,2024-04-21
4330,39.47398155259279,53.52893413049917,2024-04-21
4331,39.46303059285992,53.77585730240946,2024-04-21
4340,19.56559635204217,-92.23664054698963,2024-04-21
